scenario_id,duration,shape,spread,weights,activation,delay,memory,rep
0,2,block,0,equal,all,unit,0.0,0
1,2,block,0,equal,all,unit,0.0,1
2,2,block,0,equal,all,unit,0.0,2
3,2,block,0,equal,all,unit,0.0,3
4,2,block,0,equal,all,unit,2.0,0
5,2,block,0,equal,all,unit,2.0,1
6,2,block,0,equal,all,unit,2.0,2
7,2,block,0,equal,all,unit,2.0,3
8,2,block,0,equal,all,heterogeneous,0.0,0
9,2,block,0,equal,all,heterogeneous,0.0,1
10,2,block,0,equal,all,heterogeneous,0.0,2
11,2,block,0,equal,all,heterogeneous,0.0,3
12,2,block,0,equal,all,heterogeneous,2.0,0
13,2,block,0,equal,all,heterogeneous,2.0,1
14,2,block,0,equal,all,heterogeneous,2.0,2
15,2,block,0,equal,all,heterogeneous,2.0,3
16,2,block,0,equal,subset,unit,0.0,0
17,2,block,0,equal,subset,unit,0.0,1
18,2,block,0,equal,subset,unit,0.0,2
19,2,block,0,equal,subset,unit,0.0,3
20,2,block,0,equal,subset,unit,2.0,0
21,2,block,0,equal,subset,unit,2.0,1
22,2,block,0,equal,subset,unit,2.0,2
23,2,block,0,equal,subset,unit,2.0,3
24,2,block,0,equal,subset,heterogeneous,0.0,0
25,2,block,0,equal,subset,heterogeneous,0.0,1
26,2,block,0,equal,subset,heterogeneous,0.0,2
27,2,block,0,equal,subset,heterogeneous,0.0,3
28,2,block,0,equal,subset,heterogeneous,2.0,0
29,2,block,0,equal,subset,heterogeneous,2.0,1
30,2,block,0,equal,subset,heterogeneous,2.0,2
31,2,block,0,equal,subset,heterogeneous,2.0,3
32,2,block,0,random,all,unit,0.0,0
33,2,block,0,random,all,unit,0.0,1
34,2,block,0,random,all,unit,0.0,2
35,2,block,0,random,all,unit,0.0,3
36,2,block,0,random,all,unit,2.0,0
37,2,block,0,random,all,unit,2.0,1
38,2,block,0,random,all,unit,2.0,2
39,2,block,0,random,all,unit,2.0,3
40,2,block,0,random,all,heterogeneous,0.0,0
41,2,block,0,random,all,heterogeneous,0.0,1
42,2,block,0,random,all,heterogeneous,0.0,2
43,2,block,0,random,all,heterogeneous,0.0,3
44,2,block,0,random,all,heterogeneous,2.0,0
45,2,block,0,random,all,heterogeneous,2.0,1
46,2,block,0,random,all,heterogeneous,2.0,2
47,2,block,0,random,all,heterogeneous,2.0,3
48,2,block,0,random,subset,unit,0.0,0
49,2,block,0,random,subset,unit,0.0,1
50,2,block,0,random,subset,unit,0.0,2
51,2,block,0,random,subset,unit,0.0,3
52,2,block,0,random,subset,unit,2.0,0
53,2,block,0,random,subset,unit,2.0,1
54,2,block,0,random,subset,unit,2.0,2
55,2,block,0,random,subset,unit,2.0,3
56,2,block,0,random,subset,heterogeneous,0.0,0
57,2,block,0,random,subset,heterogeneous,0.0,1
58,2,block,0,random,subset,heterogeneous,0.0,2
59,2,block,0,random,subset,heterogeneous,0.0,3
60,2,block,0,random,subset,heterogeneous,2.0,0
61,2,block,0,random,subset,heterogeneous,2.0,1
62,2,block,0,random,subset,heterogeneous,2.0,2
63,2,block,0,random,subset,heterogeneous,2.0,3
64,2,block,8,equal,all,unit,0.0,0
65,2,block,8,equal,all,unit,0.0,1
66,2,block,8,equal,all,unit,0.0,2
67,2,block,8,equal,all,unit,0.0,3
68,2,block,8,equal,all,unit,2.0,0
69,2,block,8,equal,all,unit,2.0,1
70,2,block,8,equal,all,unit,2.0,2
71,2,block,8,equal,all,unit,2.0,3
72,2,block,8,equal,all,heterogeneous,0.0,0
73,2,block,8,equal,all,heterogeneous,0.0,1
74,2,block,8,equal,all,heterogeneous,0.0,2
75,2,block,8,equal,all,heterogeneous,0.0,3
76,2,block,8,equal,all,heterogeneous,2.0,0
77,2,block,8,equal,all,heterogeneous,2.0,1
78,2,block,8,equal,all,heterogeneous,2.0,2
79,2,block,8,equal,all,heterogeneous,2.0,3
80,2,block,8,equal,subset,unit,0.0,0
81,2,block,8,equal,subset,unit,0.0,1
82,2,block,8,equal,subset,unit,0.0,2
83,2,block,8,equal,subset,unit,0.0,3
84,2,block,8,equal,subset,unit,2.0,0
85,2,block,8,equal,subset,unit,2.0,1
86,2,block,8,equal,subset,unit,2.0,2
87,2,block,8,equal,subset,unit,2.0,3
88,2,block,8,equal,subset,heterogeneous,0.0,0
89,2,block,8,equal,subset,heterogeneous,0.0,1
90,2,block,8,equal,subset,heterogeneous,0.0,2
91,2,block,8,equal,subset,heterogeneous,0.0,3
92,2,block,8,equal,subset,heterogeneous,2.0,0
93,2,block,8,equal,subset,heterogeneous,2.0,1
94,2,block,8,equal,subset,heterogeneous,2.0,2
95,2,block,8,equal,subset,heterogeneous,2.0,3
96,2,block,8,random,all,unit,0.0,0
97,2,block,8,random,all,unit,0.0,1
98,2,block,8,random,all,unit,0.0,2
99,2,block,8,random,all,unit,0.0,3
100,2,block,8,random,all,unit,2.0,0
101,2,block,8,random,all,unit,2.0,1
102,2,block,8,random,all,unit,2.0,2
103,2,block,8,random,all,unit,2.0,3
104,2,block,8,random,all,heterogeneous,0.0,0
105,2,block,8,random,all,heterogeneous,0.0,1
106,2,block,8,random,all,heterogeneous,0.0,2
107,2,block,8,random,all,heterogeneous,0.0,3
108,2,block,8,random,all,heterogeneous,2.0,0
109,2,block,8,random,all,heterogeneous,2.0,1
110,2,block,8,random,all,heterogeneous,2.0,2
111,2,block,8,random,all,heterogeneous,2.0,3
112,2,block,8,random,subset,unit,0.0,0
113,2,block,8,random,subset,unit,0.0,1
114,2,block,8,random,subset,unit,0.0,2
115,2,block,8,random,subset,unit,0.0,3
116,2,block,8,random,subset,unit,2.0,0
117,2,block,8,random,subset,unit,2.0,1
118,2,block,8,random,subset,unit,2.0,2
119,2,block,8,random,subset,unit,2.0,3
120,2,block,8,random,subset,heterogeneous,0.0,0
121,2,block,8,random,subset,heterogeneous,0.0,1
122,2,block,8,random,subset,heterogeneous,0.0,2
123,2,block,8,random,subset,heterogeneous,0.0,3
124,2,block,8,random,subset,heterogeneous,2.0,0
125,2,block,8,random,subset,heterogeneous,2.0,1
126,2,block,8,random,subset,heterogeneous,2.0,2
127,2,block,8,random,subset,heterogeneous,2.0,3
128,2,block,24,equal,all,unit,0.0,0
129,2,block,24,equal,all,unit,0.0,1
130,2,block,24,equal,all,unit,0.0,2
131,2,block,24,equal,all,unit,0.0,3
132,2,block,24,equal,all,unit,2.0,0
133,2,block,24,equal,all,unit,2.0,1
134,2,block,24,equal,all,unit,2.0,2
135,2,block,24,equal,all,unit,2.0,3
136,2,block,24,equal,all,heterogeneous,0.0,0
137,2,block,24,equal,all,heterogeneous,0.0,1
138,2,block,24,equal,all,heterogeneous,0.0,2
139,2,block,24,equal,all,heterogeneous,0.0,3
140,2,block,24,equal,all,heterogeneous,2.0,0
141,2,block,24,equal,all,heterogeneous,2.0,1
142,2,block,24,equal,all,heterogeneous,2.0,2
143,2,block,24,equal,all,heterogeneous,2.0,3
144,2,block,24,equal,subset,unit,0.0,0
145,2,block,24,equal,subset,unit,0.0,1
146,2,block,24,equal,subset,unit,0.0,2
147,2,block,24,equal,subset,unit,0.0,3
148,2,block,24,equal,subset,unit,2.0,0
149,2,block,24,equal,subset,unit,2.0,1
150,2,block,24,equal,subset,unit,2.0,2
151,2,block,24,equal,subset,unit,2.0,3
152,2,block,24,equal,subset,heterogeneous,0.0,0
153,2,block,24,equal,subset,heterogeneous,0.0,1
154,2,block,24,equal,subset,heterogeneous,0.0,2
155,2,block,24,equal,subset,heterogeneous,0.0,3
156,2,block,24,equal,subset,heterogeneous,2.0,0
157,2,block,24,equal,subset,heterogeneous,2.0,1
158,2,block,24,equal,subset,heterogeneous,2.0,2
159,2,block,24,equal,subset,heterogeneous,2.0,3
160,2,block,24,random,all,unit,0.0,0
161,2,block,24,random,all,unit,0.0,1
162,2,block,24,random,all,unit,0.0,2
163,2,block,24,random,all,unit,0.0,3
164,2,block,24,random,all,unit,2.0,0
165,2,block,24,random,all,unit,2.0,1
166,2,block,24,random,all,unit,2.0,2
167,2,block,24,random,all,unit,2.0,3
168,2,block,24,random,all,heterogeneous,0.0,0
169,2,block,24,random,all,heterogeneous,0.0,1
170,2,block,24,random,all,heterogeneous,0.0,2
171,2,block,24,random,all,heterogeneous,0.0,3
172,2,block,24,random,all,heterogeneous,2.0,0
173,2,block,24,random,all,heterogeneous,2.0,1
174,2,block,24,random,all,heterogeneous,2.0,2
175,2,block,24,random,all,heterogeneous,2.0,3
176,2,block,24,random,subset,unit,0.0,0
177,2,block,24,random,subset,unit,0.0,1
178,2,block,24,random,subset,unit,0.0,2
179,2,block,24,random,subset,unit,0.0,3
180,2,block,24,random,subset,unit,2.0,0
181,2,block,24,random,subset,unit,2.0,1
182,2,block,24,random,subset,unit,2.0,2
183,2,block,24,random,subset,unit,2.0,3
184,2,block,24,random,subset,heterogeneous,0.0,0
185,2,block,24,random,subset,heterogeneous,0.0,1
186,2,block,24,random,subset,heterogeneous,0.0,2
187,2,block,24,random,subset,heterogeneous,0.0,3
188,2,block,24,random,subset,heterogeneous,2.0,0
189,2,block,24,random,subset,heterogeneous,2.0,1
190,2,block,24,random,subset,heterogeneous,2.0,2
191,2,block,24,random,subset,heterogeneous,2.0,3
192,2,triangle,0,equal,all,unit,0.0,0
193,2,triangle,0,equal,all,unit,0.0,1
194,2,triangle,0,equal,all,unit,0.0,2
195,2,triangle,0,equal,all,unit,0.0,3
196,2,triangle,0,equal,all,unit,2.0,0
197,2,triangle,0,equal,all,unit,2.0,1
198,2,triangle,0,equal,all,unit,2.0,2
199,2,triangle,0,equal,all,unit,2.0,3
200,2,triangle,0,equal,all,heterogeneous,0.0,0
201,2,triangle,0,equal,all,heterogeneous,0.0,1
202,2,triangle,0,equal,all,heterogeneous,0.0,2
203,2,triangle,0,equal,all,heterogeneous,0.0,3
204,2,triangle,0,equal,all,heterogeneous,2.0,0
205,2,triangle,0,equal,all,heterogeneous,2.0,1
206,2,triangle,0,equal,all,heterogeneous,2.0,2
207,2,triangle,0,equal,all,heterogeneous,2.0,3
208,2,triangle,0,equal,subset,unit,0.0,0
209,2,triangle,0,equal,subset,unit,0.0,1
210,2,triangle,0,equal,subset,unit,0.0,2
211,2,triangle,0,equal,subset,unit,0.0,3
212,2,triangle,0,equal,subset,unit,2.0,0
213,2,triangle,0,equal,subset,unit,2.0,1
214,2,triangle,0,equal,subset,unit,2.0,2
215,2,triangle,0,equal,subset,unit,2.0,3
216,2,triangle,0,equal,subset,heterogeneous,0.0,0
217,2,triangle,0,equal,subset,heterogeneous,0.0,1
218,2,triangle,0,equal,subset,heterogeneous,0.0,2
219,2,triangle,0,equal,subset,heterogeneous,0.0,3
220,2,triangle,0,equal,subset,heterogeneous,2.0,0
221,2,triangle,0,equal,subset,heterogeneous,2.0,1
222,2,triangle,0,equal,subset,heterogeneous,2.0,2
223,2,triangle,0,equal,subset,heterogeneous,2.0,3
224,2,triangle,0,random,all,unit,0.0,0
225,2,triangle,0,random,all,unit,0.0,1
226,2,triangle,0,random,all,unit,0.0,2
227,2,triangle,0,random,all,unit,0.0,3
228,2,triangle,0,random,all,unit,2.0,0
229,2,triangle,0,random,all,unit,2.0,1
230,2,triangle,0,random,all,unit,2.0,2
231,2,triangle,0,random,all,unit,2.0,3
232,2,triangle,0,random,all,heterogeneous,0.0,0
233,2,triangle,0,random,all,heterogeneous,0.0,1
234,2,triangle,0,random,all,heterogeneous,0.0,2
235,2,triangle,0,random,all,heterogeneous,0.0,3
236,2,triangle,0,random,all,heterogeneous,2.0,0
237,2,triangle,0,random,all,heterogeneous,2.0,1
238,2,triangle,0,random,all,heterogeneous,2.0,2
239,2,triangle,0,random,all,heterogeneous,2.0,3
240,2,triangle,0,random,subset,unit,0.0,0
241,2,triangle,0,random,subset,unit,0.0,1
242,2,triangle,0,random,subset,unit,0.0,2
243,2,triangle,0,random,subset,unit,0.0,3
244,2,triangle,0,random,subset,unit,2.0,0
245,2,triangle,0,random,subset,unit,2.0,1
246,2,triangle,0,random,subset,unit,2.0,2
247,2,triangle,0,random,subset,unit,2.0,3
248,2,triangle,0,random,subset,heterogeneous,0.0,0
249,2,triangle,0,random,subset,heterogeneous,0.0,1
250,2,triangle,0,random,subset,heterogeneous,0.0,2
251,2,triangle,0,random,subset,heterogeneous,0.0,3
252,2,triangle,0,random,subset,heterogeneous,2.0,0
253,2,triangle,0,random,subset,heterogeneous,2.0,1
254,2,triangle,0,random,subset,heterogeneous,2.0,2
255,2,triangle,0,random,subset,heterogeneous,2.0,3
256,2,triangle,8,equal,all,unit,0.0,0
257,2,triangle,8,equal,all,unit,0.0,1
258,2,triangle,8,equal,all,unit,0.0,2
259,2,triangle,8,equal,all,unit,0.0,3
260,2,triangle,8,equal,all,unit,2.0,0
261,2,triangle,8,equal,all,unit,2.0,1
262,2,triangle,8,equal,all,unit,2.0,2
263,2,triangle,8,equal,all,unit,2.0,3
264,2,triangle,8,equal,all,heterogeneous,0.0,0
265,2,triangle,8,equal,all,heterogeneous,0.0,1
266,2,triangle,8,equal,all,heterogeneous,0.0,2
267,2,triangle,8,equal,all,heterogeneous,0.0,3
268,2,triangle,8,equal,all,heterogeneous,2.0,0
269,2,triangle,8,equal,all,heterogeneous,2.0,1
270,2,triangle,8,equal,all,heterogeneous,2.0,2
271,2,triangle,8,equal,all,heterogeneous,2.0,3
272,2,triangle,8,equal,subset,unit,0.0,0
273,2,triangle,8,equal,subset,unit,0.0,1
274,2,triangle,8,equal,subset,unit,0.0,2
275,2,triangle,8,equal,subset,unit,0.0,3
276,2,triangle,8,equal,subset,unit,2.0,0
277,2,triangle,8,equal,subset,unit,2.0,1
278,2,triangle,8,equal,subset,unit,2.0,2
279,2,triangle,8,equal,subset,unit,2.0,3
280,2,triangle,8,equal,subset,heterogeneous,0.0,0
281,2,triangle,8,equal,subset,heterogeneous,0.0,1
282,2,triangle,8,equal,subset,heterogeneous,0.0,2
283,2,triangle,8,equal,subset,heterogeneous,0.0,3
284,2,triangle,8,equal,subset,heterogeneous,2.0,0
285,2,triangle,8,equal,subset,heterogeneous,2.0,1
286,2,triangle,8,equal,subset,heterogeneous,2.0,2
287,2,triangle,8,equal,subset,heterogeneous,2.0,3
288,2,triangle,8,random,all,unit,0.0,0
289,2,triangle,8,random,all,unit,0.0,1
290,2,triangle,8,random,all,unit,0.0,2
291,2,triangle,8,random,all,unit,0.0,3
292,2,triangle,8,random,all,unit,2.0,0
293,2,triangle,8,random,all,unit,2.0,1
294,2,triangle,8,random,all,unit,2.0,2
295,2,triangle,8,random,all,unit,2.0,3
296,2,triangle,8,random,all,heterogeneous,0.0,0
297,2,triangle,8,random,all,heterogeneous,0.0,1
298,2,triangle,8,random,all,heterogeneous,0.0,2
299,2,triangle,8,random,all,heterogeneous,0.0,3
300,2,triangle,8,random,all,heterogeneous,2.0,0
301,2,triangle,8,random,all,heterogeneous,2.0,1
302,2,triangle,8,random,all,heterogeneous,2.0,2
303,2,triangle,8,random,all,heterogeneous,2.0,3
304,2,triangle,8,random,subset,unit,0.0,0
305,2,triangle,8,random,subset,unit,0.0,1
306,2,triangle,8,random,subset,unit,0.0,2
307,2,triangle,8,random,subset,unit,0.0,3
308,2,triangle,8,random,subset,unit,2.0,0
309,2,triangle,8,random,subset,unit,2.0,1
310,2,triangle,8,random,subset,unit,2.0,2
311,2,triangle,8,random,subset,unit,2.0,3
312,2,triangle,8,random,subset,heterogeneous,0.0,0
313,2,triangle,8,random,subset,heterogeneous,0.0,1
314,2,triangle,8,random,subset,heterogeneous,0.0,2
315,2,triangle,8,random,subset,heterogeneous,0.0,3
316,2,triangle,8,random,subset,heterogeneous,2.0,0
317,2,triangle,8,random,subset,heterogeneous,2.0,1
318,2,triangle,8,random,subset,heterogeneous,2.0,2
319,2,triangle,8,random,subset,heterogeneous,2.0,3
320,2,triangle,24,equal,all,unit,0.0,0
321,2,triangle,24,equal,all,unit,0.0,1
322,2,triangle,24,equal,all,unit,0.0,2
323,2,triangle,24,equal,all,unit,0.0,3
324,2,triangle,24,equal,all,unit,2.0,0
325,2,triangle,24,equal,all,unit,2.0,1
326,2,triangle,24,equal,all,unit,2.0,2
327,2,triangle,24,equal,all,unit,2.0,3
328,2,triangle,24,equal,all,heterogeneous,0.0,0
329,2,triangle,24,equal,all,heterogeneous,0.0,1
330,2,triangle,24,equal,all,heterogeneous,0.0,2
331,2,triangle,24,equal,all,heterogeneous,0.0,3
332,2,triangle,24,equal,all,heterogeneous,2.0,0
333,2,triangle,24,equal,all,heterogeneous,2.0,1
334,2,triangle,24,equal,all,heterogeneous,2.0,2
335,2,triangle,24,equal,all,heterogeneous,2.0,3
336,2,triangle,24,equal,subset,unit,0.0,0
337,2,triangle,24,equal,subset,unit,0.0,1
338,2,triangle,24,equal,subset,unit,0.0,2
339,2,triangle,24,equal,subset,unit,0.0,3
340,2,triangle,24,equal,subset,unit,2.0,0
341,2,triangle,24,equal,subset,unit,2.0,1
342,2,triangle,24,equal,subset,unit,2.0,2
343,2,triangle,24,equal,subset,unit,2.0,3
344,2,triangle,24,equal,subset,heterogeneous,0.0,0
345,2,triangle,24,equal,subset,heterogeneous,0.0,1
346,2,triangle,24,equal,subset,heterogeneous,0.0,2
347,2,triangle,24,equal,subset,heterogeneous,0.0,3
348,2,triangle,24,equal,subset,heterogeneous,2.0,0
349,2,triangle,24,equal,subset,heterogeneous,2.0,1
350,2,triangle,24,equal,subset,heterogeneous,2.0,2
351,2,triangle,24,equal,subset,heterogeneous,2.0,3
352,2,triangle,24,random,all,unit,0.0,0
353,2,triangle,24,random,all,unit,0.0,1
354,2,triangle,24,random,all,unit,0.0,2
355,2,triangle,24,random,all,unit,0.0,3
356,2,triangle,24,random,all,unit,2.0,0
357,2,triangle,24,random,all,unit,2.0,1
358,2,triangle,24,random,all,unit,2.0,2
359,2,triangle,24,random,all,unit,2.0,3
360,2,triangle,24,random,all,heterogeneous,0.0,0
361,2,triangle,24,random,all,heterogeneous,0.0,1
362,2,triangle,24,random,all,heterogeneous,0.0,2
363,2,triangle,24,random,all,heterogeneous,0.0,3
364,2,triangle,24,random,all,heterogeneous,2.0,0
365,2,triangle,24,random,all,heterogeneous,2.0,1
366,2,triangle,24,random,all,heterogeneous,2.0,2
367,2,triangle,24,random,all,heterogeneous,2.0,3
368,2,triangle,24,random,subset,unit,0.0,0
369,2,triangle,24,random,subset,unit,0.0,1
370,2,triangle,24,random,subset,unit,0.0,2
371,2,triangle,24,random,subset,unit,0.0,3
372,2,triangle,24,random,subset,unit,2.0,0
373,2,triangle,24,random,subset,unit,2.0,1
374,2,triangle,24,random,subset,unit,2.0,2
375,2,triangle,24,random,subset,unit,2.0,3
376,2,triangle,24,random,subset,heterogeneous,0.0,0
377,2,triangle,24,random,subset,heterogeneous,0.0,1
378,2,triangle,24,random,subset,heterogeneous,0.0,2
379,2,triangle,24,random,subset,heterogeneous,0.0,3
380,2,triangle,24,random,subset,heterogeneous,2.0,0
381,2,triangle,24,random,subset,heterogeneous,2.0,1
382,2,triangle,24,random,subset,heterogeneous,2.0,2
383,2,triangle,24,random,subset,heterogeneous,2.0,3
384,8,block,0,equal,all,unit,0.0,0
385,8,block,0,equal,all,unit,0.0,1
386,8,block,0,equal,all,unit,0.0,2
387,8,block,0,equal,all,unit,0.0,3
388,8,block,0,equal,all,unit,2.0,0
389,8,block,0,equal,all,unit,2.0,1
390,8,block,0,equal,all,unit,2.0,2
391,8,block,0,equal,all,unit,2.0,3
392,8,block,0,equal,all,heterogeneous,0.0,0
393,8,block,0,equal,all,heterogeneous,0.0,1
394,8,block,0,equal,all,heterogeneous,0.0,2
395,8,block,0,equal,all,heterogeneous,0.0,3
396,8,block,0,equal,all,heterogeneous,2.0,0
397,8,block,0,equal,all,heterogeneous,2.0,1
398,8,block,0,equal,all,heterogeneous,2.0,2
399,8,block,0,equal,all,heterogeneous,2.0,3
400,8,block,0,equal,subset,unit,0.0,0
401,8,block,0,equal,subset,unit,0.0,1
402,8,block,0,equal,subset,unit,0.0,2
403,8,block,0,equal,subset,unit,0.0,3
404,8,block,0,equal,subset,unit,2.0,0
405,8,block,0,equal,subset,unit,2.0,1
406,8,block,0,equal,subset,unit,2.0,2
407,8,block,0,equal,subset,unit,2.0,3
408,8,block,0,equal,subset,heterogeneous,0.0,0
409,8,block,0,equal,subset,heterogeneous,0.0,1
410,8,block,0,equal,subset,heterogeneous,0.0,2
411,8,block,0,equal,subset,heterogeneous,0.0,3
412,8,block,0,equal,subset,heterogeneous,2.0,0
413,8,block,0,equal,subset,heterogeneous,2.0,1
414,8,block,0,equal,subset,heterogeneous,2.0,2
415,8,block,0,equal,subset,heterogeneous,2.0,3
416,8,block,0,random,all,unit,0.0,0
417,8,block,0,random,all,unit,0.0,1
418,8,block,0,random,all,unit,0.0,2
419,8,block,0,random,all,unit,0.0,3
420,8,block,0,random,all,unit,2.0,0
421,8,block,0,random,all,unit,2.0,1
422,8,block,0,random,all,unit,2.0,2
423,8,block,0,random,all,unit,2.0,3
424,8,block,0,random,all,heterogeneous,0.0,0
425,8,block,0,random,all,heterogeneous,0.0,1
426,8,block,0,random,all,heterogeneous,0.0,2
427,8,block,0,random,all,heterogeneous,0.0,3
428,8,block,0,random,all,heterogeneous,2.0,0
429,8,block,0,random,all,heterogeneous,2.0,1
430,8,block,0,random,all,heterogeneous,2.0,2
431,8,block,0,random,all,heterogeneous,2.0,3
432,8,block,0,random,subset,unit,0.0,0
433,8,block,0,random,subset,unit,0.0,1
434,8,block,0,random,subset,unit,0.0,2
435,8,block,0,random,subset,unit,0.0,3
436,8,block,0,random,subset,unit,2.0,0
437,8,block,0,random,subset,unit,2.0,1
438,8,block,0,random,subset,unit,2.0,2
439,8,block,0,random,subset,unit,2.0,3
440,8,block,0,random,subset,heterogeneous,0.0,0
441,8,block,0,random,subset,heterogeneous,0.0,1
442,8,block,0,random,subset,heterogeneous,0.0,2
443,8,block,0,random,subset,heterogeneous,0.0,3
444,8,block,0,random,subset,heterogeneous,2.0,0
445,8,block,0,random,subset,heterogeneous,2.0,1
446,8,block,0,random,subset,heterogeneous,2.0,2
447,8,block,0,random,subset,heterogeneous,2.0,3
448,8,block,8,equal,all,unit,0.0,0
449,8,block,8,equal,all,unit,0.0,1
450,8,block,8,equal,all,unit,0.0,2
451,8,block,8,equal,all,unit,0.0,3
452,8,block,8,equal,all,unit,2.0,0
453,8,block,8,equal,all,unit,2.0,1
454,8,block,8,equal,all,unit,2.0,2
455,8,block,8,equal,all,unit,2.0,3
456,8,block,8,equal,all,heterogeneous,0.0,0
457,8,block,8,equal,all,heterogeneous,0.0,1
458,8,block,8,equal,all,heterogeneous,0.0,2
459,8,block,8,equal,all,heterogeneous,0.0,3
460,8,block,8,equal,all,heterogeneous,2.0,0
461,8,block,8,equal,all,heterogeneous,2.0,1
462,8,block,8,equal,all,heterogeneous,2.0,2
463,8,block,8,equal,all,heterogeneous,2.0,3
464,8,block,8,equal,subset,unit,0.0,0
465,8,block,8,equal,subset,unit,0.0,1
466,8,block,8,equal,subset,unit,0.0,2
467,8,block,8,equal,subset,unit,0.0,3
468,8,block,8,equal,subset,unit,2.0,0
469,8,block,8,equal,subset,unit,2.0,1
470,8,block,8,equal,subset,unit,2.0,2
471,8,block,8,equal,subset,unit,2.0,3
472,8,block,8,equal,subset,heterogeneous,0.0,0
473,8,block,8,equal,subset,heterogeneous,0.0,1
474,8,block,8,equal,subset,heterogeneous,0.0,2
475,8,block,8,equal,subset,heterogeneous,0.0,3
476,8,block,8,equal,subset,heterogeneous,2.0,0
477,8,block,8,equal,subset,heterogeneous,2.0,1
478,8,block,8,equal,subset,heterogeneous,2.0,2
479,8,block,8,equal,subset,heterogeneous,2.0,3
480,8,block,8,random,all,unit,0.0,0
481,8,block,8,random,all,unit,0.0,1
482,8,block,8,random,all,unit,0.0,2
483,8,block,8,random,all,unit,0.0,3
484,8,block,8,random,all,unit,2.0,0
485,8,block,8,random,all,unit,2.0,1
486,8,block,8,random,all,unit,2.0,2
487,8,block,8,random,all,unit,2.0,3
488,8,block,8,random,all,heterogeneous,0.0,0
489,8,block,8,random,all,heterogeneous,0.0,1
490,8,block,8,random,all,heterogeneous,0.0,2
491,8,block,8,random,all,heterogeneous,0.0,3
492,8,block,8,random,all,heterogeneous,2.0,0
493,8,block,8,random,all,heterogeneous,2.0,1
494,8,block,8,random,all,heterogeneous,2.0,2
495,8,block,8,random,all,heterogeneous,2.0,3
496,8,block,8,random,subset,unit,0.0,0
497,8,block,8,random,subset,unit,0.0,1
498,8,block,8,random,subset,unit,0.0,2
499,8,block,8,random,subset,unit,0.0,3
500,8,block,8,random,subset,unit,2.0,0
501,8,block,8,random,subset,unit,2.0,1
502,8,block,8,random,subset,unit,2.0,2
503,8,block,8,random,subset,unit,2.0,3
504,8,block,8,random,subset,heterogeneous,0.0,0
505,8,block,8,random,subset,heterogeneous,0.0,1
506,8,block,8,random,subset,heterogeneous,0.0,2
507,8,block,8,random,subset,heterogeneous,0.0,3
508,8,block,8,random,subset,heterogeneous,2.0,0
509,8,block,8,random,subset,heterogeneous,2.0,1
510,8,block,8,random,subset,heterogeneous,2.0,2
511,8,block,8,random,subset,heterogeneous,2.0,3
512,8,block,24,equal,all,unit,0.0,0
513,8,block,24,equal,all,unit,0.0,1
514,8,block,24,equal,all,unit,0.0,2
515,8,block,24,equal,all,unit,0.0,3
516,8,block,24,equal,all,unit,2.0,0
517,8,block,24,equal,all,unit,2.0,1
518,8,block,24,equal,all,unit,2.0,2
519,8,block,24,equal,all,unit,2.0,3
520,8,block,24,equal,all,heterogeneous,0.0,0
521,8,block,24,equal,all,heterogeneous,0.0,1
522,8,block,24,equal,all,heterogeneous,0.0,2
523,8,block,24,equal,all,heterogeneous,0.0,3
524,8,block,24,equal,all,heterogeneous,2.0,0
525,8,block,24,equal,all,heterogeneous,2.0,1
526,8,block,24,equal,all,heterogeneous,2.0,2
527,8,block,24,equal,all,heterogeneous,2.0,3
528,8,block,24,equal,subset,unit,0.0,0
529,8,block,24,equal,subset,unit,0.0,1
530,8,block,24,equal,subset,unit,0.0,2
531,8,block,24,equal,subset,unit,0.0,3
532,8,block,24,equal,subset,unit,2.0,0
533,8,block,24,equal,subset,unit,2.0,1
534,8,block,24,equal,subset,unit,2.0,2
535,8,block,24,equal,subset,unit,2.0,3
536,8,block,24,equal,subset,heterogeneous,0.0,0
537,8,block,24,equal,subset,heterogeneous,0.0,1
538,8,block,24,equal,subset,heterogeneous,0.0,2
539,8,block,24,equal,subset,heterogeneous,0.0,3
540,8,block,24,equal,subset,heterogeneous,2.0,0
541,8,block,24,equal,subset,heterogeneous,2.0,1
542,8,block,24,equal,subset,heterogeneous,2.0,2
543,8,block,24,equal,subset,heterogeneous,2.0,3
544,8,block,24,random,all,unit,0.0,0
545,8,block,24,random,all,unit,0.0,1
546,8,block,24,random,all,unit,0.0,2
547,8,block,24,random,all,unit,0.0,3
548,8,block,24,random,all,unit,2.0,0
549,8,block,24,random,all,unit,2.0,1
550,8,block,24,random,all,unit,2.0,2
551,8,block,24,random,all,unit,2.0,3
552,8,block,24,random,all,heterogeneous,0.0,0
553,8,block,24,random,all,heterogeneous,0.0,1
554,8,block,24,random,all,heterogeneous,0.0,2
555,8,block,24,random,all,heterogeneous,0.0,3
556,8,block,24,random,all,heterogeneous,2.0,0
557,8,block,24,random,all,heterogeneous,2.0,1
558,8,block,24,random,all,heterogeneous,2.0,2
559,8,block,24,random,all,heterogeneous,2.0,3
560,8,block,24,random,subset,unit,0.0,0
561,8,block,24,random,subset,unit,0.0,1
562,8,block,24,random,subset,unit,0.0,2
563,8,block,24,random,subset,unit,0.0,3
564,8,block,24,random,subset,unit,2.0,0
565,8,block,24,random,subset,unit,2.0,1
566,8,block,24,random,subset,unit,2.0,2
567,8,block,24,random,subset,unit,2.0,3
568,8,block,24,random,subset,heterogeneous,0.0,0
569,8,block,24,random,subset,heterogeneous,0.0,1
570,8,block,24,random,subset,heterogeneous,0.0,2
571,8,block,24,random,subset,heterogeneous,0.0,3
572,8,block,24,random,subset,heterogeneous,2.0,0
573,8,block,24,random,subset,heterogeneous,2.0,1
574,8,block,24,random,subset,heterogeneous,2.0,2
575,8,block,24,random,subset,heterogeneous,2.0,3
576,8,triangle,0,equal,all,unit,0.0,0
577,8,triangle,0,equal,all,unit,0.0,1
578,8,triangle,0,equal,all,unit,0.0,2
579,8,triangle,0,equal,all,unit,0.0,3
580,8,triangle,0,equal,all,unit,2.0,0
581,8,triangle,0,equal,all,unit,2.0,1
582,8,triangle,0,equal,all,unit,2.0,2
583,8,triangle,0,equal,all,unit,2.0,3
584,8,triangle,0,equal,all,heterogeneous,0.0,0
585,8,triangle,0,equal,all,heterogeneous,0.0,1
586,8,triangle,0,equal,all,heterogeneous,0.0,2
587,8,triangle,0,equal,all,heterogeneous,0.0,3
588,8,triangle,0,equal,all,heterogeneous,2.0,0
589,8,triangle,0,equal,all,heterogeneous,2.0,1
590,8,triangle,0,equal,all,heterogeneous,2.0,2
591,8,triangle,0,equal,all,heterogeneous,2.0,3
592,8,triangle,0,equal,subset,unit,0.0,0
593,8,triangle,0,equal,subset,unit,0.0,1
594,8,triangle,0,equal,subset,unit,0.0,2
595,8,triangle,0,equal,subset,unit,0.0,3
596,8,triangle,0,equal,subset,unit,2.0,0
597,8,triangle,0,equal,subset,unit,2.0,1
598,8,triangle,0,equal,subset,unit,2.0,2
599,8,triangle,0,equal,subset,unit,2.0,3
600,8,triangle,0,equal,subset,heterogeneous,0.0,0
601,8,triangle,0,equal,subset,heterogeneous,0.0,1
602,8,triangle,0,equal,subset,heterogeneous,0.0,2
603,8,triangle,0,equal,subset,heterogeneous,0.0,3
604,8,triangle,0,equal,subset,heterogeneous,2.0,0
605,8,triangle,0,equal,subset,heterogeneous,2.0,1
606,8,triangle,0,equal,subset,heterogeneous,2.0,2
607,8,triangle,0,equal,subset,heterogeneous,2.0,3
608,8,triangle,0,random,all,unit,0.0,0
609,8,triangle,0,random,all,unit,0.0,1
610,8,triangle,0,random,all,unit,0.0,2
611,8,triangle,0,random,all,unit,0.0,3
612,8,triangle,0,random,all,unit,2.0,0
613,8,triangle,0,random,all,unit,2.0,1
614,8,triangle,0,random,all,unit,2.0,2
615,8,triangle,0,random,all,unit,2.0,3
616,8,triangle,0,random,all,heterogeneous,0.0,0
617,8,triangle,0,random,all,heterogeneous,0.0,1
618,8,triangle,0,random,all,heterogeneous,0.0,2
619,8,triangle,0,random,all,heterogeneous,0.0,3
620,8,triangle,0,random,all,heterogeneous,2.0,0
621,8,triangle,0,random,all,heterogeneous,2.0,1
622,8,triangle,0,random,all,heterogeneous,2.0,2
623,8,triangle,0,random,all,heterogeneous,2.0,3
624,8,triangle,0,random,subset,unit,0.0,0
625,8,triangle,0,random,subset,unit,0.0,1
626,8,triangle,0,random,subset,unit,0.0,2
627,8,triangle,0,random,subset,unit,0.0,3
628,8,triangle,0,random,subset,unit,2.0,0
629,8,triangle,0,random,subset,unit,2.0,1
630,8,triangle,0,random,subset,unit,2.0,2
631,8,triangle,0,random,subset,unit,2.0,3
632,8,triangle,0,random,subset,heterogeneous,0.0,0
633,8,triangle,0,random,subset,heterogeneous,0.0,1
634,8,triangle,0,random,subset,heterogeneous,0.0,2
635,8,triangle,0,random,subset,heterogeneous,0.0,3
636,8,triangle,0,random,subset,heterogeneous,2.0,0
637,8,triangle,0,random,subset,heterogeneous,2.0,1
638,8,triangle,0,random,subset,heterogeneous,2.0,2
639,8,triangle,0,random,subset,heterogeneous,2.0,3
640,8,triangle,8,equal,all,unit,0.0,0
641,8,triangle,8,equal,all,unit,0.0,1
642,8,triangle,8,equal,all,unit,0.0,2
643,8,triangle,8,equal,all,unit,0.0,3
644,8,triangle,8,equal,all,unit,2.0,0
645,8,triangle,8,equal,all,unit,2.0,1
646,8,triangle,8,equal,all,unit,2.0,2
647,8,triangle,8,equal,all,unit,2.0,3
648,8,triangle,8,equal,all,heterogeneous,0.0,0
649,8,triangle,8,equal,all,heterogeneous,0.0,1
650,8,triangle,8,equal,all,heterogeneous,0.0,2
651,8,triangle,8,equal,all,heterogeneous,0.0,3
652,8,triangle,8,equal,all,heterogeneous,2.0,0
653,8,triangle,8,equal,all,heterogeneous,2.0,1
654,8,triangle,8,equal,all,heterogeneous,2.0,2
655,8,triangle,8,equal,all,heterogeneous,2.0,3
656,8,triangle,8,equal,subset,unit,0.0,0
657,8,triangle,8,equal,subset,unit,0.0,1
658,8,triangle,8,equal,subset,unit,0.0,2
659,8,triangle,8,equal,subset,unit,0.0,3
660,8,triangle,8,equal,subset,unit,2.0,0
661,8,triangle,8,equal,subset,unit,2.0,1
662,8,triangle,8,equal,subset,unit,2.0,2
663,8,triangle,8,equal,subset,unit,2.0,3
664,8,triangle,8,equal,subset,heterogeneous,0.0,0
665,8,triangle,8,equal,subset,heterogeneous,0.0,1
666,8,triangle,8,equal,subset,heterogeneous,0.0,2
667,8,triangle,8,equal,subset,heterogeneous,0.0,3
668,8,triangle,8,equal,subset,heterogeneous,2.0,0
669,8,triangle,8,equal,subset,heterogeneous,2.0,1
670,8,triangle,8,equal,subset,heterogeneous,2.0,2
671,8,triangle,8,equal,subset,heterogeneous,2.0,3
672,8,triangle,8,random,all,unit,0.0,0
673,8,triangle,8,random,all,unit,0.0,1
674,8,triangle,8,random,all,unit,0.0,2
675,8,triangle,8,random,all,unit,0.0,3
676,8,triangle,8,random,all,unit,2.0,0
677,8,triangle,8,random,all,unit,2.0,1
678,8,triangle,8,random,all,unit,2.0,2
679,8,triangle,8,random,all,unit,2.0,3
680,8,triangle,8,random,all,heterogeneous,0.0,0
681,8,triangle,8,random,all,heterogeneous,0.0,1
682,8,triangle,8,random,all,heterogeneous,0.0,2
683,8,triangle,8,random,all,heterogeneous,0.0,3
684,8,triangle,8,random,all,heterogeneous,2.0,0
685,8,triangle,8,random,all,heterogeneous,2.0,1
686,8,triangle,8,random,all,heterogeneous,2.0,2
687,8,triangle,8,random,all,heterogeneous,2.0,3
688,8,triangle,8,random,subset,unit,0.0,0
689,8,triangle,8,random,subset,unit,0.0,1
690,8,triangle,8,random,subset,unit,0.0,2
691,8,triangle,8,random,subset,unit,0.0,3
692,8,triangle,8,random,subset,unit,2.0,0
693,8,triangle,8,random,subset,unit,2.0,1
694,8,triangle,8,random,subset,unit,2.0,2
695,8,triangle,8,random,subset,unit,2.0,3
696,8,triangle,8,random,subset,heterogeneous,0.0,0
697,8,triangle,8,random,subset,heterogeneous,0.0,1
698,8,triangle,8,random,subset,heterogeneous,0.0,2
699,8,triangle,8,random,subset,heterogeneous,0.0,3
700,8,triangle,8,random,subset,heterogeneous,2.0,0
701,8,triangle,8,random,subset,heterogeneous,2.0,1
702,8,triangle,8,random,subset,heterogeneous,2.0,2
703,8,triangle,8,random,subset,heterogeneous,2.0,3
704,8,triangle,24,equal,all,unit,0.0,0
705,8,triangle,24,equal,all,unit,0.0,1
706,8,triangle,24,equal,all,unit,0.0,2
707,8,triangle,24,equal,all,unit,0.0,3
708,8,triangle,24,equal,all,unit,2.0,0
709,8,triangle,24,equal,all,unit,2.0,1
710,8,triangle,24,equal,all,unit,2.0,2
711,8,triangle,24,equal,all,unit,2.0,3
712,8,triangle,24,equal,all,heterogeneous,0.0,0
713,8,triangle,24,equal,all,heterogeneous,0.0,1
714,8,triangle,24,equal,all,heterogeneous,0.0,2
715,8,triangle,24,equal,all,heterogeneous,0.0,3
716,8,triangle,24,equal,all,heterogeneous,2.0,0
717,8,triangle,24,equal,all,heterogeneous,2.0,1
718,8,triangle,24,equal,all,heterogeneous,2.0,2
719,8,triangle,24,equal,all,heterogeneous,2.0,3
720,8,triangle,24,equal,subset,unit,0.0,0
721,8,triangle,24,equal,subset,unit,0.0,1
722,8,triangle,24,equal,subset,unit,0.0,2
723,8,triangle,24,equal,subset,unit,0.0,3
724,8,triangle,24,equal,subset,unit,2.0,0
725,8,triangle,24,equal,subset,unit,2.0,1
726,8,triangle,24,equal,subset,unit,2.0,2
727,8,triangle,24,equal,subset,unit,2.0,3
728,8,triangle,24,equal,subset,heterogeneous,0.0,0
729,8,triangle,24,equal,subset,heterogeneous,0.0,1
730,8,triangle,24,equal,subset,heterogeneous,0.0,2
731,8,triangle,24,equal,subset,heterogeneous,0.0,3
732,8,triangle,24,equal,subset,heterogeneous,2.0,0
733,8,triangle,24,equal,subset,heterogeneous,2.0,1
734,8,triangle,24,equal,subset,heterogeneous,2.0,2
735,8,triangle,24,equal,subset,heterogeneous,2.0,3
736,8,triangle,24,random,all,unit,0.0,0
737,8,triangle,24,random,all,unit,0.0,1
738,8,triangle,24,random,all,unit,0.0,2
739,8,triangle,24,random,all,unit,0.0,3
740,8,triangle,24,random,all,unit,2.0,0
741,8,triangle,24,random,all,unit,2.0,1
742,8,triangle,24,random,all,unit,2.0,2
743,8,triangle,24,random,all,unit,2.0,3
744,8,triangle,24,random,all,heterogeneous,0.0,0
745,8,triangle,24,random,all,heterogeneous,0.0,1
746,8,triangle,24,random,all,heterogeneous,0.0,2
747,8,triangle,24,random,all,heterogeneous,0.0,3
748,8,triangle,24,random,all,heterogeneous,2.0,0
749,8,triangle,24,random,all,heterogeneous,2.0,1
750,8,triangle,24,random,all,heterogeneous,2.0,2
751,8,triangle,24,random,all,heterogeneous,2.0,3
752,8,triangle,24,random,subset,unit,0.0,0
753,8,triangle,24,random,subset,unit,0.0,1
754,8,triangle,24,random,subset,unit,0.0,2
755,8,triangle,24,random,subset,unit,0.0,3
756,8,triangle,24,random,subset,unit,2.0,0
757,8,triangle,24,random,subset,unit,2.0,1
758,8,triangle,24,random,subset,unit,2.0,2
759,8,triangle,24,random,subset,unit,2.0,3
760,8,triangle,24,random,subset,heterogeneous,0.0,0
761,8,triangle,24,random,subset,heterogeneous,0.0,1
762,8,triangle,24,random,subset,heterogeneous,0.0,2
763,8,triangle,24,random,subset,heterogeneous,0.0,3
764,8,triangle,24,random,subset,heterogeneous,2.0,0
765,8,triangle,24,random,subset,heterogeneous,2.0,1
766,8,triangle,24,random,subset,heterogeneous,2.0,2
767,8,triangle,24,random,subset,heterogeneous,2.0,3
768,24,block,0,equal,all,unit,0.0,0
769,24,block,0,equal,all,unit,0.0,1
770,24,block,0,equal,all,unit,0.0,2
771,24,block,0,equal,all,unit,0.0,3
772,24,block,0,equal,all,unit,2.0,0
773,24,block,0,equal,all,unit,2.0,1
774,24,block,0,equal,all,unit,2.0,2
775,24,block,0,equal,all,unit,2.0,3
776,24,block,0,equal,all,heterogeneous,0.0,0
777,24,block,0,equal,all,heterogeneous,0.0,1
778,24,block,0,equal,all,heterogeneous,0.0,2
779,24,block,0,equal,all,heterogeneous,0.0,3
780,24,block,0,equal,all,heterogeneous,2.0,0
781,24,block,0,equal,all,heterogeneous,2.0,1
782,24,block,0,equal,all,heterogeneous,2.0,2
783,24,block,0,equal,all,heterogeneous,2.0,3
784,24,block,0,equal,subset,unit,0.0,0
785,24,block,0,equal,subset,unit,0.0,1
786,24,block,0,equal,subset,unit,0.0,2
787,24,block,0,equal,subset,unit,0.0,3
788,24,block,0,equal,subset,unit,2.0,0
789,24,block,0,equal,subset,unit,2.0,1
790,24,block,0,equal,subset,unit,2.0,2
791,24,block,0,equal,subset,unit,2.0,3
792,24,block,0,equal,subset,heterogeneous,0.0,0
793,24,block,0,equal,subset,heterogeneous,0.0,1
794,24,block,0,equal,subset,heterogeneous,0.0,2
795,24,block,0,equal,subset,heterogeneous,0.0,3
796,24,block,0,equal,subset,heterogeneous,2.0,0
797,24,block,0,equal,subset,heterogeneous,2.0,1
798,24,block,0,equal,subset,heterogeneous,2.0,2
799,24,block,0,equal,subset,heterogeneous,2.0,3
800,24,block,0,random,all,unit,0.0,0
801,24,block,0,random,all,unit,0.0,1
802,24,block,0,random,all,unit,0.0,2
803,24,block,0,random,all,unit,0.0,3
804,24,block,0,random,all,unit,2.0,0
805,24,block,0,random,all,unit,2.0,1
806,24,block,0,random,all,unit,2.0,2
807,24,block,0,random,all,unit,2.0,3
808,24,block,0,random,all,heterogeneous,0.0,0
809,24,block,0,random,all,heterogeneous,0.0,1
810,24,block,0,random,all,heterogeneous,0.0,2
811,24,block,0,random,all,heterogeneous,0.0,3
812,24,block,0,random,all,heterogeneous,2.0,0
813,24,block,0,random,all,heterogeneous,2.0,1
814,24,block,0,random,all,heterogeneous,2.0,2
815,24,block,0,random,all,heterogeneous,2.0,3
816,24,block,0,random,subset,unit,0.0,0
817,24,block,0,random,subset,unit,0.0,1
818,24,block,0,random,subset,unit,0.0,2
819,24,block,0,random,subset,unit,0.0,3
820,24,block,0,random,subset,unit,2.0,0
821,24,block,0,random,subset,unit,2.0,1
822,24,block,0,random,subset,unit,2.0,2
823,24,block,0,random,subset,unit,2.0,3
824,24,block,0,random,subset,heterogeneous,0.0,0
825,24,block,0,random,subset,heterogeneous,0.0,1
826,24,block,0,random,subset,heterogeneous,0.0,2
827,24,block,0,random,subset,heterogeneous,0.0,3
828,24,block,0,random,subset,heterogeneous,2.0,0
829,24,block,0,random,subset,heterogeneous,2.0,1
830,24,block,0,random,subset,heterogeneous,2.0,2
831,24,block,0,random,subset,heterogeneous,2.0,3
832,24,block,8,equal,all,unit,0.0,0
833,24,block,8,equal,all,unit,0.0,1
834,24,block,8,equal,all,unit,0.0,2
835,24,block,8,equal,all,unit,0.0,3
836,24,block,8,equal,all,unit,2.0,0
837,24,block,8,equal,all,unit,2.0,1
838,24,block,8,equal,all,unit,2.0,2
839,24,block,8,equal,all,unit,2.0,3
840,24,block,8,equal,all,heterogeneous,0.0,0
841,24,block,8,equal,all,heterogeneous,0.0,1
842,24,block,8,equal,all,heterogeneous,0.0,2
843,24,block,8,equal,all,heterogeneous,0.0,3
844,24,block,8,equal,all,heterogeneous,2.0,0
845,24,block,8,equal,all,heterogeneous,2.0,1
846,24,block,8,equal,all,heterogeneous,2.0,2
847,24,block,8,equal,all,heterogeneous,2.0,3
848,24,block,8,equal,subset,unit,0.0,0
849,24,block,8,equal,subset,unit,0.0,1
850,24,block,8,equal,subset,unit,0.0,2
851,24,block,8,equal,subset,unit,0.0,3
852,24,block,8,equal,subset,unit,2.0,0
853,24,block,8,equal,subset,unit,2.0,1
854,24,block,8,equal,subset,unit,2.0,2
855,24,block,8,equal,subset,unit,2.0,3
856,24,block,8,equal,subset,heterogeneous,0.0,0
857,24,block,8,equal,subset,heterogeneous,0.0,1
858,24,block,8,equal,subset,heterogeneous,0.0,2
859,24,block,8,equal,subset,heterogeneous,0.0,3
860,24,block,8,equal,subset,heterogeneous,2.0,0
861,24,block,8,equal,subset,heterogeneous,2.0,1
862,24,block,8,equal,subset,heterogeneous,2.0,2
863,24,block,8,equal,subset,heterogeneous,2.0,3
864,24,block,8,random,all,unit,0.0,0
865,24,block,8,random,all,unit,0.0,1
866,24,block,8,random,all,unit,0.0,2
867,24,block,8,random,all,unit,0.0,3
868,24,block,8,random,all,unit,2.0,0
869,24,block,8,random,all,unit,2.0,1
870,24,block,8,random,all,unit,2.0,2
871,24,block,8,random,all,unit,2.0,3
872,24,block,8,random,all,heterogeneous,0.0,0
873,24,block,8,random,all,heterogeneous,0.0,1
874,24,block,8,random,all,heterogeneous,0.0,2
875,24,block,8,random,all,heterogeneous,0.0,3
876,24,block,8,random,all,heterogeneous,2.0,0
877,24,block,8,random,all,heterogeneous,2.0,1
878,24,block,8,random,all,heterogeneous,2.0,2
879,24,block,8,random,all,heterogeneous,2.0,3
880,24,block,8,random,subset,unit,0.0,0
881,24,block,8,random,subset,unit,0.0,1
882,24,block,8,random,subset,unit,0.0,2
883,24,block,8,random,subset,unit,0.0,3
884,24,block,8,random,subset,unit,2.0,0
885,24,block,8,random,subset,unit,2.0,1
886,24,block,8,random,subset,unit,2.0,2
887,24,block,8,random,subset,unit,2.0,3
888,24,block,8,random,subset,heterogeneous,0.0,0
889,24,block,8,random,subset,heterogeneous,0.0,1
890,24,block,8,random,subset,heterogeneous,0.0,2
891,24,block,8,random,subset,heterogeneous,0.0,3
892,24,block,8,random,subset,heterogeneous,2.0,0
893,24,block,8,random,subset,heterogeneous,2.0,1
894,24,block,8,random,subset,heterogeneous,2.0,2
895,24,block,8,random,subset,heterogeneous,2.0,3
896,24,block,24,equal,all,unit,0.0,0
897,24,block,24,equal,all,unit,0.0,1
898,24,block,24,equal,all,unit,0.0,2
899,24,block,24,equal,all,unit,0.0,3
900,24,block,24,equal,all,unit,2.0,0
901,24,block,24,equal,all,unit,2.0,1
902,24,block,24,equal,all,unit,2.0,2
903,24,block,24,equal,all,unit,2.0,3
904,24,block,24,equal,all,heterogeneous,0.0,0
905,24,block,24,equal,all,heterogeneous,0.0,1
906,24,block,24,equal,all,heterogeneous,0.0,2
907,24,block,24,equal,all,heterogeneous,0.0,3
908,24,block,24,equal,all,heterogeneous,2.0,0
909,24,block,24,equal,all,heterogeneous,2.0,1
910,24,block,24,equal,all,heterogeneous,2.0,2
911,24,block,24,equal,all,heterogeneous,2.0,3
912,24,block,24,equal,subset,unit,0.0,0
913,24,block,24,equal,subset,unit,0.0,1
914,24,block,24,equal,subset,unit,0.0,2
915,24,block,24,equal,subset,unit,0.0,3
916,24,block,24,equal,subset,unit,2.0,0
917,24,block,24,equal,subset,unit,2.0,1
918,24,block,24,equal,subset,unit,2.0,2
919,24,block,24,equal,subset,unit,2.0,3
920,24,block,24,equal,subset,heterogeneous,0.0,0
921,24,block,24,equal,subset,heterogeneous,0.0,1
922,24,block,24,equal,subset,heterogeneous,0.0,2
923,24,block,24,equal,subset,heterogeneous,0.0,3
924,24,block,24,equal,subset,heterogeneous,2.0,0
925,24,block,24,equal,subset,heterogeneous,2.0,1
926,24,block,24,equal,subset,heterogeneous,2.0,2
927,24,block,24,equal,subset,heterogeneous,2.0,3
928,24,block,24,random,all,unit,0.0,0
929,24,block,24,random,all,unit,0.0,1
930,24,block,24,random,all,unit,0.0,2
931,24,block,24,random,all,unit,0.0,3
932,24,block,24,random,all,unit,2.0,0
933,24,block,24,random,all,unit,2.0,1
934,24,block,24,random,all,unit,2.0,2
935,24,block,24,random,all,unit,2.0,3
936,24,block,24,random,all,heterogeneous,0.0,0
937,24,block,24,random,all,heterogeneous,0.0,1
938,24,block,24,random,all,heterogeneous,0.0,2
939,24,block,24,random,all,heterogeneous,0.0,3
940,24,block,24,random,all,heterogeneous,2.0,0
941,24,block,24,random,all,heterogeneous,2.0,1
942,24,block,24,random,all,heterogeneous,2.0,2
943,24,block,24,random,all,heterogeneous,2.0,3
944,24,block,24,random,subset,unit,0.0,0
945,24,block,24,random,subset,unit,0.0,1
946,24,block,24,random,subset,unit,0.0,2
947,24,block,24,random,subset,unit,0.0,3
948,24,block,24,random,subset,unit,2.0,0
949,24,block,24,random,subset,unit,2.0,1
950,24,block,24,random,subset,unit,2.0,2
951,24,block,24,random,subset,unit,2.0,3
952,24,block,24,random,subset,heterogeneous,0.0,0
953,24,block,24,random,subset,heterogeneous,0.0,1
954,24,block,24,random,subset,heterogeneous,0.0,2
955,24,block,24,random,subset,heterogeneous,0.0,3
956,24,block,24,random,subset,heterogeneous,2.0,0
957,24,block,24,random,subset,heterogeneous,2.0,1
958,24,block,24,random,subset,heterogeneous,2.0,2
959,24,block,24,random,subset,heterogeneous,2.0,3
960,24,triangle,0,equal,all,unit,0.0,0
961,24,triangle,0,equal,all,unit,0.0,1
962,24,triangle,0,equal,all,unit,0.0,2
963,24,triangle,0,equal,all,unit,0.0,3
964,24,triangle,0,equal,all,unit,2.0,0
965,24,triangle,0,equal,all,unit,2.0,1
966,24,triangle,0,equal,all,unit,2.0,2
967,24,triangle,0,equal,all,unit,2.0,3
968,24,triangle,0,equal,all,heterogeneous,0.0,0
969,24,triangle,0,equal,all,heterogeneous,0.0,1
970,24,triangle,0,equal,all,heterogeneous,0.0,2
971,24,triangle,0,equal,all,heterogeneous,0.0,3
972,24,triangle,0,equal,all,heterogeneous,2.0,0
973,24,triangle,0,equal,all,heterogeneous,2.0,1
974,24,triangle,0,equal,all,heterogeneous,2.0,2
975,24,triangle,0,equal,all,heterogeneous,2.0,3
976,24,triangle,0,equal,subset,unit,0.0,0
977,24,triangle,0,equal,subset,unit,0.0,1
978,24,triangle,0,equal,subset,unit,0.0,2
979,24,triangle,0,equal,subset,unit,0.0,3
980,24,triangle,0,equal,subset,unit,2.0,0
981,24,triangle,0,equal,subset,unit,2.0,1
982,24,triangle,0,equal,subset,unit,2.0,2
983,24,triangle,0,equal,subset,unit,2.0,3
984,24,triangle,0,equal,subset,heterogeneous,0.0,0
985,24,triangle,0,equal,subset,heterogeneous,0.0,1
986,24,triangle,0,equal,subset,heterogeneous,0.0,2
987,24,triangle,0,equal,subset,heterogeneous,0.0,3
988,24,triangle,0,equal,subset,heterogeneous,2.0,0
989,24,triangle,0,equal,subset,heterogeneous,2.0,1
990,24,triangle,0,equal,subset,heterogeneous,2.0,2
991,24,triangle,0,equal,subset,heterogeneous,2.0,3
992,24,triangle,0,random,all,unit,0.0,0
993,24,triangle,0,random,all,unit,0.0,1
994,24,triangle,0,random,all,unit,0.0,2
995,24,triangle,0,random,all,unit,0.0,3
996,24,triangle,0,random,all,unit,2.0,0
997,24,triangle,0,random,all,unit,2.0,1
998,24,triangle,0,random,all,unit,2.0,2
999,24,triangle,0,random,all,unit,2.0,3
1000,24,triangle,0,random,all,heterogeneous,0.0,0
1001,24,triangle,0,random,all,heterogeneous,0.0,1
1002,24,triangle,0,random,all,heterogeneous,0.0,2
1003,24,triangle,0,random,all,heterogeneous,0.0,3
1004,24,triangle,0,random,all,heterogeneous,2.0,0
1005,24,triangle,0,random,all,heterogeneous,2.0,1
1006,24,triangle,0,random,all,heterogeneous,2.0,2
1007,24,triangle,0,random,all,heterogeneous,2.0,3
1008,24,triangle,0,random,subset,unit,0.0,0
1009,24,triangle,0,random,subset,unit,0.0,1
1010,24,triangle,0,random,subset,unit,0.0,2
1011,24,triangle,0,random,subset,unit,0.0,3
1012,24,triangle,0,random,subset,unit,2.0,0
1013,24,triangle,0,random,subset,unit,2.0,1
1014,24,triangle,0,random,subset,unit,2.0,2
1015,24,triangle,0,random,subset,unit,2.0,3
1016,24,triangle,0,random,subset,heterogeneous,0.0,0
1017,24,triangle,0,random,subset,heterogeneous,0.0,1
1018,24,triangle,0,random,subset,heterogeneous,0.0,2
1019,24,triangle,0,random,subset,heterogeneous,0.0,3
1020,24,triangle,0,random,subset,heterogeneous,2.0,0
1021,24,triangle,0,random,subset,heterogeneous,2.0,1
1022,24,triangle,0,random,subset,heterogeneous,2.0,2
1023,24,triangle,0,random,subset,heterogeneous,2.0,3
1024,24,triangle,8,equal,all,unit,0.0,0
1025,24,triangle,8,equal,all,unit,0.0,1
1026,24,triangle,8,equal,all,unit,0.0,2
1027,24,triangle,8,equal,all,unit,0.0,3
1028,24,triangle,8,equal,all,unit,2.0,0
1029,24,triangle,8,equal,all,unit,2.0,1
1030,24,triangle,8,equal,all,unit,2.0,2
1031,24,triangle,8,equal,all,unit,2.0,3
1032,24,triangle,8,equal,all,heterogeneous,0.0,0
1033,24,triangle,8,equal,all,heterogeneous,0.0,1
1034,24,triangle,8,equal,all,heterogeneous,0.0,2
1035,24,triangle,8,equal,all,heterogeneous,0.0,3
1036,24,triangle,8,equal,all,heterogeneous,2.0,0
1037,24,triangle,8,equal,all,heterogeneous,2.0,1
1038,24,triangle,8,equal,all,heterogeneous,2.0,2
1039,24,triangle,8,equal,all,heterogeneous,2.0,3
1040,24,triangle,8,equal,subset,unit,0.0,0
1041,24,triangle,8,equal,subset,unit,0.0,1
1042,24,triangle,8,equal,subset,unit,0.0,2
1043,24,triangle,8,equal,subset,unit,0.0,3
1044,24,triangle,8,equal,subset,unit,2.0,0
1045,24,triangle,8,equal,subset,unit,2.0,1
1046,24,triangle,8,equal,subset,unit,2.0,2
1047,24,triangle,8,equal,subset,unit,2.0,3
1048,24,triangle,8,equal,subset,heterogeneous,0.0,0
1049,24,triangle,8,equal,subset,heterogeneous,0.0,1
1050,24,triangle,8,equal,subset,heterogeneous,0.0,2
1051,24,triangle,8,equal,subset,heterogeneous,0.0,3
1052,24,triangle,8,equal,subset,heterogeneous,2.0,0
1053,24,triangle,8,equal,subset,heterogeneous,2.0,1
1054,24,triangle,8,equal,subset,heterogeneous,2.0,2
1055,24,triangle,8,equal,subset,heterogeneous,2.0,3
1056,24,triangle,8,random,all,unit,0.0,0
1057,24,triangle,8,random,all,unit,0.0,1
1058,24,triangle,8,random,all,unit,0.0,2
1059,24,triangle,8,random,all,unit,0.0,3
1060,24,triangle,8,random,all,unit,2.0,0
1061,24,triangle,8,random,all,unit,2.0,1
1062,24,triangle,8,random,all,unit,2.0,2
1063,24,triangle,8,random,all,unit,2.0,3
1064,24,triangle,8,random,all,heterogeneous,0.0,0
1065,24,triangle,8,random,all,heterogeneous,0.0,1
1066,24,triangle,8,random,all,heterogeneous,0.0,2
1067,24,triangle,8,random,all,heterogeneous,0.0,3
1068,24,triangle,8,random,all,heterogeneous,2.0,0
1069,24,triangle,8,random,all,heterogeneous,2.0,1
1070,24,triangle,8,random,all,heterogeneous,2.0,2
1071,24,triangle,8,random,all,heterogeneous,2.0,3
1072,24,triangle,8,random,subset,unit,0.0,0
1073,24,triangle,8,random,subset,unit,0.0,1
1074,24,triangle,8,random,subset,unit,0.0,2
1075,24,triangle,8,random,subset,unit,0.0,3
1076,24,triangle,8,random,subset,unit,2.0,0
1077,24,triangle,8,random,subset,unit,2.0,1
1078,24,triangle,8,random,subset,unit,2.0,2
1079,24,triangle,8,random,subset,unit,2.0,3
1080,24,triangle,8,random,subset,heterogeneous,0.0,0
1081,24,triangle,8,random,subset,heterogeneous,0.0,1
1082,24,triangle,8,random,subset,heterogeneous,0.0,2
1083,24,triangle,8,random,subset,heterogeneous,0.0,3
1084,24,triangle,8,random,subset,heterogeneous,2.0,0
1085,24,triangle,8,random,subset,heterogeneous,2.0,1
1086,24,triangle,8,random,subset,heterogeneous,2.0,2
1087,24,triangle,8,random,subset,heterogeneous,2.0,3
1088,24,triangle,24,equal,all,unit,0.0,0
1089,24,triangle,24,equal,all,unit,0.0,1
1090,24,triangle,24,equal,all,unit,0.0,2
1091,24,triangle,24,equal,all,unit,0.0,3
1092,24,triangle,24,equal,all,unit,2.0,0
1093,24,triangle,24,equal,all,unit,2.0,1
1094,24,triangle,24,equal,all,unit,2.0,2
1095,24,triangle,24,equal,all,unit,2.0,3
1096,24,triangle,24,equal,all,heterogeneous,0.0,0
1097,24,triangle,24,equal,all,heterogeneous,0.0,1
1098,24,triangle,24,equal,all,heterogeneous,0.0,2
1099,24,triangle,24,equal,all,heterogeneous,0.0,3
1100,24,triangle,24,equal,all,heterogeneous,2.0,0
1101,24,triangle,24,equal,all,heterogeneous,2.0,1
1102,24,triangle,24,equal,all,heterogeneous,2.0,2
1103,24,triangle,24,equal,all,heterogeneous,2.0,3
1104,24,triangle,24,equal,subset,unit,0.0,0
1105,24,triangle,24,equal,subset,unit,0.0,1
1106,24,triangle,24,equal,subset,unit,0.0,2
1107,24,triangle,24,equal,subset,unit,0.0,3
1108,24,triangle,24,equal,subset,unit,2.0,0
1109,24,triangle,24,equal,subset,unit,2.0,1
1110,24,triangle,24,equal,subset,unit,2.0,2
1111,24,triangle,24,equal,subset,unit,2.0,3
1112,24,triangle,24,equal,subset,heterogeneous,0.0,0
1113,24,triangle,24,equal,subset,heterogeneous,0.0,1
1114,24,triangle,24,equal,subset,heterogeneous,0.0,2
1115,24,triangle,24,equal,subset,heterogeneous,0.0,3
1116,24,triangle,24,equal,subset,heterogeneous,2.0,0
1117,24,triangle,24,equal,subset,heterogeneous,2.0,1
1118,24,triangle,24,equal,subset,heterogeneous,2.0,2
1119,24,triangle,24,equal,subset,heterogeneous,2.0,3
1120,24,triangle,24,random,all,unit,0.0,0
1121,24,triangle,24,random,all,unit,0.0,1
1122,24,triangle,24,random,all,unit,0.0,2
1123,24,triangle,24,random,all,unit,0.0,3
1124,24,triangle,24,random,all,unit,2.0,0
1125,24,triangle,24,random,all,unit,2.0,1
1126,24,triangle,24,random,all,unit,2.0,2
1127,24,triangle,24,random,all,unit,2.0,3
1128,24,triangle,24,random,all,heterogeneous,0.0,0
1129,24,triangle,24,random,all,heterogeneous,0.0,1
1130,24,triangle,24,random,all,heterogeneous,0.0,2
1131,24,triangle,24,random,all,heterogeneous,0.0,3
1132,24,triangle,24,random,all,heterogeneous,2.0,0
1133,24,triangle,24,random,all,heterogeneous,2.0,1
1134,24,triangle,24,random,all,heterogeneous,2.0,2
1135,24,triangle,24,random,all,heterogeneous,2.0,3
1136,24,triangle,24,random,subset,unit,0.0,0
1137,24,triangle,24,random,subset,unit,0.0,1
1138,24,triangle,24,random,subset,unit,0.0,2
1139,24,triangle,24,random,subset,unit,0.0,3
1140,24,triangle,24,random,subset,unit,2.0,0
1141,24,triangle,24,random,subset,unit,2.0,1
1142,24,triangle,24,random,subset,unit,2.0,2
1143,24,triangle,24,random,subset,unit,2.0,3
1144,24,triangle,24,random,subset,heterogeneous,0.0,0
1145,24,triangle,24,random,subset,heterogeneous,0.0,1
1146,24,triangle,24,random,subset,heterogeneous,0.0,2
1147,24,triangle,24,random,subset,heterogeneous,0.0,3
1148,24,triangle,24,random,subset,heterogeneous,2.0,0
1149,24,triangle,24,random,subset,heterogeneous,2.0,1
1150,24,triangle,24,random,subset,heterogeneous,2.0,2
1151,24,triangle,24,random,subset,heterogeneous,2.0,3
