case,storage_tau,role,spread,duration,memory,mean_spill_fraction,overflow_share
CDO,0.0,urban_and_receiver,0,2,0.0,0.4909961146405621,0.9192708333333334
CDO,0.0,urban_and_receiver,0,2,2.0,0.19348434133368067,0.5677083333333334
CDO,0.0,urban_and_receiver,0,8,0.0,0.27252213371887263,0.6731770833333334
CDO,0.0,urban_and_receiver,0,8,2.0,0.16188584281907095,0.484375
CDO,0.0,urban_and_receiver,0,24,0.0,0.10234551947628197,0.3268229166666667
CDO,0.0,urban_and_receiver,0,24,2.0,0.0789060643670453,0.2916666666666667
CDO,0.0,urban_and_receiver,8,2,0.0,0.42519852210360654,0.8619791666666666
CDO,0.0,urban_and_receiver,8,2,2.0,0.18489024261052392,0.5559895833333334
CDO,0.0,urban_and_receiver,8,8,0.0,0.2416331553476914,0.6119791666666666
CDO,0.0,urban_and_receiver,8,8,2.0,0.1463183393331278,0.4583333333333333
CDO,0.0,urban_and_receiver,8,24,0.0,0.09345131476138012,0.3216145833333333
CDO,0.0,urban_and_receiver,8,24,2.0,0.07550898258575466,0.29296875
CDO,0.0,urban_and_receiver,24,2,0.0,0.33424532700260995,0.7513020833333334
CDO,0.0,urban_and_receiver,24,2,2.0,0.13633208310717354,0.49609375
CDO,0.0,urban_and_receiver,24,8,0.0,0.15466888934327253,0.4713541666666667
CDO,0.0,urban_and_receiver,24,8,2.0,0.09793707159679867,0.3776041666666667
CDO,0.0,urban_and_receiver,24,24,0.0,0.06386769735563437,0.265625
CDO,0.0,urban_and_receiver,24,24,2.0,0.0560268978758735,0.25
HATYAI,0.0,receiver,0,2,0.0,0.5733942062210716,0.9544270833333334
HATYAI,0.0,receiver,0,2,2.0,0.21311522696454352,0.625
HATYAI,0.0,receiver,0,8,0.0,0.3139094909258141,0.7161458333333334
HATYAI,0.0,receiver,0,8,2.0,0.17406783415431873,0.5208333333333334
HATYAI,0.0,receiver,0,24,0.0,0.10922522427672765,0.3333333333333333
HATYAI,0.0,receiver,0,24,2.0,0.08434662573103119,0.2916666666666667
HATYAI,0.0,receiver,8,2,0.0,0.3719595868086551,0.8125
HATYAI,0.0,receiver,8,2,2.0,0.16988609741026242,0.515625
HATYAI,0.0,receiver,8,8,0.0,0.23472282747366516,0.6106770833333334
HATYAI,0.0,receiver,8,8,2.0,0.14698651766127382,0.4309895833333333
HATYAI,0.0,receiver,8,24,0.0,0.09581541635228596,0.33203125
HATYAI,0.0,receiver,8,24,2.0,0.07795574863054887,0.2916666666666667
HATYAI,0.0,receiver,24,2,0.0,0.24382481419835475,0.640625
HATYAI,0.0,receiver,24,2,2.0,0.09705560705943733,0.3763020833333333
HATYAI,0.0,receiver,24,8,0.0,0.13123898661652186,0.4361979166666667
HATYAI,0.0,receiver,24,8,2.0,0.08536251901724069,0.3450520833333333
HATYAI,0.0,receiver,24,24,0.0,0.05811792587632083,0.2578125
HATYAI,0.0,receiver,24,24,2.0,0.049987819664753186,0.23307291666666666
HATYAI,0.0,urban,0,2,0.0,0.6033436796296572,0.9778645833333334
HATYAI,0.0,urban,0,2,2.0,0.35575278210872874,0.8684895833333334
HATYAI,0.0,urban,0,8,0.0,0.32177213854235903,0.7278645833333334
HATYAI,0.0,urban,0,8,2.0,0.24706297602056415,0.625
HATYAI,0.0,urban,0,24,0.0,0.1103589588256151,0.3333333333333333
HATYAI,0.0,urban,0,24,2.0,0.0996624097164281,0.3333333333333333
HATYAI,0.0,urban,8,2,0.0,0.3979971854941082,0.8411458333333334
HATYAI,0.0,urban,8,2,2.0,0.25138462910646314,0.671875
HATYAI,0.0,urban,8,8,0.0,0.23898087013394634,0.6158854166666666
HATYAI,0.0,urban,8,8,2.0,0.19065854561860784,0.5455729166666666
HATYAI,0.0,urban,8,24,0.0,0.09648326268398527,0.33203125
HATYAI,0.0,urban,8,24,2.0,0.09009009031129712,0.3190104166666667
HATYAI,0.0,urban,24,2,0.0,0.2681734401656061,0.68359375
HATYAI,0.0,urban,24,2,2.0,0.1509905038081487,0.5104166666666666
HATYAI,0.0,urban,24,8,0.0,0.13384194595274762,0.44921875
HATYAI,0.0,urban,24,8,2.0,0.10963620438756083,0.3932291666666667
HATYAI,0.0,urban,24,24,0.0,0.0585609504939092,0.2578125
HATYAI,0.0,urban,24,24,2.0,0.05633505576524323,0.24739583333333334
HUE,0.0,receiver,0,2,0.0,0.4637505669684195,0.8880208333333334
HUE,0.0,receiver,0,2,2.0,0.16315844234766252,0.4765625
HUE,0.0,receiver,0,8,0.0,0.26599236189568465,0.64453125
HUE,0.0,receiver,0,8,2.0,0.13918330466277687,0.42578125
HUE,0.0,receiver,0,24,0.0,0.1010582555737608,0.3268229166666667
HUE,0.0,receiver,0,24,2.0,0.07193148743326391,0.2890625
HUE,0.0,receiver,8,2,0.0,0.4147108510575415,0.8567708333333334
HUE,0.0,receiver,8,2,2.0,0.1511509995074278,0.48046875
HUE,0.0,receiver,8,8,0.0,0.23230386725717925,0.6015625
HUE,0.0,receiver,8,8,2.0,0.12964384509322066,0.4231770833333333
HUE,0.0,receiver,8,24,0.0,0.09256756234195003,0.3203125
HUE,0.0,receiver,8,24,2.0,0.06851409540498295,0.28125
HUE,0.0,receiver,24,2,0.0,0.3276102088625236,0.7421875
HUE,0.0,receiver,24,2,2.0,0.11515725102060263,0.4140625
HUE,0.0,receiver,24,8,0.0,0.15294524513190924,0.46484375
HUE,0.0,receiver,24,8,2.0,0.08716687425910902,0.3502604166666667
HUE,0.0,receiver,24,24,0.0,0.06446307821627696,0.26953125
HUE,0.0,receiver,24,24,2.0,0.051124100117296366,0.2421875
HUE,0.0,urban,0,2,0.0,0.18361355007056498,0.6575520833333334
HUE,0.0,urban,0,2,2.0,0.06655474579564508,0.3567708333333333
HUE,0.0,urban,0,8,0.0,0.08144395748996049,0.3815104166666667
HUE,0.0,urban,0,8,2.0,0.041819086271181354,0.2513020833333333
HUE,0.0,urban,0,24,0.0,0.015087091441865067,0.12630208333333334
HUE,0.0,urban,0,24,2.0,0.012423441730635927,0.11197916666666667
HUE,0.0,urban,8,2,0.0,0.15543011876706933,0.6028645833333334
HUE,0.0,urban,8,2,2.0,0.04550366276052748,0.29296875
HUE,0.0,urban,8,8,0.0,0.05969005680591096,0.3111979166666667
HUE,0.0,urban,8,8,2.0,0.035407962622438706,0.23046875
HUE,0.0,urban,8,24,0.0,0.011100552614817906,0.10286458333333333
HUE,0.0,urban,8,24,2.0,0.009771586816808566,0.09895833333333333
HUE,0.0,urban,24,2,0.0,0.14161698975378215,0.56640625
HUE,0.0,urban,24,2,2.0,0.033319836611877575,0.23567708333333334
HUE,0.0,urban,24,8,0.0,0.04748308880677452,0.2682291666666667
HUE,0.0,urban,24,8,2.0,0.024191405243899983,0.1875
HUE,0.0,urban,24,24,0.0,0.012658476960925877,0.11588541666666667
HUE,0.0,urban,24,24,2.0,0.006197109726670689,0.078125
HUE,2.0,receiver,0,2,0.0,0.3100762552333353,0.7877604166666666
HUE,2.0,receiver,0,2,2.0,0.14123371672667248,0.43359375
HUE,2.0,receiver,0,8,0.0,0.2127355393541628,0.58203125
HUE,2.0,receiver,0,8,2.0,0.12362128957108191,0.4036458333333333
HUE,2.0,receiver,0,24,0.0,0.09182580404778996,0.3203125
HUE,2.0,receiver,0,24,2.0,0.06592940721329389,0.2799479166666667
HUE,2.0,receiver,8,2,0.0,0.2833070917892393,0.74609375
HUE,2.0,receiver,8,2,2.0,0.1330295357788238,0.4309895833333333
HUE,2.0,receiver,8,8,0.0,0.19352050974106075,0.5442708333333334
HUE,2.0,receiver,8,8,2.0,0.11633693758860719,0.3932291666666667
HUE,2.0,receiver,8,24,0.0,0.085752696723386,0.3125
HUE,2.0,receiver,8,24,2.0,0.06315117459485313,0.2747395833333333
HUE,2.0,receiver,24,2,0.0,0.20847917889178716,0.625
HUE,2.0,receiver,24,2,2.0,0.10413830904219051,0.3919270833333333
HUE,2.0,receiver,24,8,0.0,0.12915916297310195,0.4348958333333333
HUE,2.0,receiver,24,8,2.0,0.07824909961817773,0.3229166666666667
HUE,2.0,receiver,24,24,0.0,0.060290255439451435,0.2604166666666667
HUE,2.0,receiver,24,24,2.0,0.04802779947723204,0.22916666666666666
HUE,2.0,urban,0,2,0.0,0.08659377270679568,0.46484375
HUE,2.0,urban,0,2,2.0,0.0498757754482835,0.28515625
HUE,2.0,urban,0,8,0.0,0.0566687523122095,0.3203125
HUE,2.0,urban,0,8,2.0,0.03401744675693232,0.22786458333333334
HUE,2.0,urban,0,24,0.0,0.01290932646388434,0.12109375
HUE,2.0,urban,0,24,2.0,0.01109944756340297,0.09765625
HUE,2.0,urban,8,2,0.0,0.07592729744437375,0.4088541666666667
HUE,2.0,urban,8,2,2.0,0.034333967226381774,0.23046875
HUE,2.0,urban,8,8,0.0,0.04310556173842193,0.2682291666666667
HUE,2.0,urban,8,8,2.0,0.028998760420788278,0.20572916666666666
HUE,2.0,urban,8,24,0.0,0.009561388318608496,0.10026041666666667
HUE,2.0,urban,8,24,2.0,0.008733279317526325,0.09114583333333333
HUE,2.0,urban,24,2,0.0,0.0612818610224978,0.3802083333333333
HUE,2.0,urban,24,2,2.0,0.024578523574464658,0.18619791666666666
HUE,2.0,urban,24,8,0.0,0.03266462894295647,0.22526041666666666
HUE,2.0,urban,24,8,2.0,0.019478986652968718,0.15104166666666666
HUE,2.0,urban,24,24,0.0,0.01091003419825786,0.109375
HUE,2.0,urban,24,24,2.0,0.005511878368846591,0.07291666666666667
HUE,8.0,receiver,0,2,0.0,0.15499591859025968,0.5716145833333334
HUE,8.0,receiver,0,2,2.0,0.07551509393057983,0.34375
HUE,8.0,receiver,0,8,0.0,0.10131091331662717,0.4010416666666667
HUE,8.0,receiver,0,8,2.0,0.06684297076349485,0.3216145833333333
HUE,8.0,receiver,0,24,0.0,0.05052356505199287,0.24479166666666666
HUE,8.0,receiver,0,24,2.0,0.03691720815228088,0.19401041666666666
HUE,8.0,receiver,8,2,0.0,0.14236040489854065,0.5598958333333334
HUE,8.0,receiver,8,2,2.0,0.07247718118192657,0.3255208333333333
HUE,8.0,receiver,8,8,0.0,0.09841201040044502,0.3893229166666667
HUE,8.0,receiver,8,8,2.0,0.06432431731162006,0.2981770833333333
HUE,8.0,receiver,8,24,0.0,0.05045205371731142,0.23567708333333334
HUE,8.0,receiver,8,24,2.0,0.03638831086143686,0.19270833333333334
HUE,8.0,receiver,24,2,0.0,0.11429618169102433,0.5143229166666666
HUE,8.0,receiver,24,2,2.0,0.06503077575354219,0.32421875
HUE,8.0,receiver,24,8,0.0,0.07314351167223217,0.3372395833333333
HUE,8.0,receiver,24,8,2.0,0.04441542455483071,0.24479166666666666
HUE,8.0,receiver,24,24,0.0,0.038104418295269504,0.20182291666666666
HUE,8.0,receiver,24,24,2.0,0.029103246377266176,0.17838541666666666
HUE,8.0,urban,0,2,0.0,0.019870847745504946,0.18619791666666666
HUE,8.0,urban,0,2,2.0,0.015144509331939593,0.12109375
HUE,8.0,urban,0,8,0.0,0.015930824099080237,0.16276041666666666
HUE,8.0,urban,0,8,2.0,0.01115059748000166,0.10546875
HUE,8.0,urban,0,24,0.0,0.004807084514059006,0.057291666666666664
HUE,8.0,urban,0,24,2.0,0.0045174453254550285,0.061197916666666664
HUE,8.0,urban,8,2,0.0,0.018470684028230152,0.171875
HUE,8.0,urban,8,2,2.0,0.010179768152903704,0.10286458333333333
HUE,8.0,urban,8,8,0.0,0.01272019343619314,0.12369791666666667
HUE,8.0,urban,8,8,2.0,0.00938668589475103,0.10677083333333333
HUE,8.0,urban,8,24,0.0,0.0034239592702647458,0.05078125
HUE,8.0,urban,8,24,2.0,0.003349249632393291,0.049479166666666664
HUE,8.0,urban,24,2,0.0,0.013561284780644436,0.14583333333333334
HUE,8.0,urban,24,2,2.0,0.006960281744517843,0.08463541666666667
HUE,8.0,urban,24,8,0.0,0.008721352474844587,0.10677083333333333
HUE,8.0,urban,24,8,2.0,0.006035896603213047,0.0859375
HUE,8.0,urban,24,24,0.0,0.004253221050956796,0.059895833333333336
HUE,8.0,urban,24,24,2.0,0.0020007151134011016,0.040364583333333336
KADAMAIAN,0.0,urban_and_receiver,0,2,0.0,0.5695278294244965,0.97265625
KADAMAIAN,0.0,urban_and_receiver,0,2,2.0,0.26380587735932176,0.6705729166666666
KADAMAIAN,0.0,urban_and_receiver,0,8,0.0,0.3039206300245718,0.7109375
KADAMAIAN,0.0,urban_and_receiver,0,8,2.0,0.20210716940519888,0.5911458333333334
KADAMAIAN,0.0,urban_and_receiver,0,24,0.0,0.10730551135518211,0.33203125
KADAMAIAN,0.0,urban_and_receiver,0,24,2.0,0.08999812253399055,0.32421875
KADAMAIAN,0.0,urban_and_receiver,8,2,0.0,0.48090069590541673,0.890625
KADAMAIAN,0.0,urban_and_receiver,8,2,2.0,0.2417486039575384,0.6575520833333334
KADAMAIAN,0.0,urban_and_receiver,8,8,0.0,0.2606098134328797,0.6393229166666666
KADAMAIAN,0.0,urban_and_receiver,8,8,2.0,0.17993637568213375,0.5286458333333334
KADAMAIAN,0.0,urban_and_receiver,8,24,0.0,0.09909660601201888,0.3255208333333333
KADAMAIAN,0.0,urban_and_receiver,8,24,2.0,0.08570017379020926,0.3111979166666667
KADAMAIAN,0.0,urban_and_receiver,24,2,0.0,0.42578676319265424,0.8463541666666666
KADAMAIAN,0.0,urban_and_receiver,24,2,2.0,0.1812705884207648,0.5703125
KADAMAIAN,0.0,urban_and_receiver,24,8,0.0,0.193601794224764,0.51953125
KADAMAIAN,0.0,urban_and_receiver,24,8,2.0,0.13144755063185534,0.4388020833333333
KADAMAIAN,0.0,urban_and_receiver,24,24,0.0,0.07723561763274762,0.28515625
KADAMAIAN,0.0,urban_and_receiver,24,24,2.0,0.06579268887366217,0.2682291666666667
KURANJI,0.0,urban_and_receiver,0,2,0.0,0.6026882511182304,0.96875
KURANJI,0.0,urban_and_receiver,0,2,2.0,0.2676541134820405,0.6666666666666666
KURANJI,0.0,urban_and_receiver,0,8,0.0,0.3220266705033742,0.7369791666666666
KURANJI,0.0,urban_and_receiver,0,8,2.0,0.20486824333196293,0.6106770833333334
KURANJI,0.0,urban_and_receiver,0,24,0.0,0.11082966157335651,0.3333333333333333
KURANJI,0.0,urban_and_receiver,0,24,2.0,0.09107983368095411,0.3294270833333333
KURANJI,0.0,urban_and_receiver,8,2,0.0,0.41583573833495135,0.8385416666666666
KURANJI,0.0,urban_and_receiver,8,2,2.0,0.20721601906548592,0.6002604166666666
KURANJI,0.0,urban_and_receiver,8,8,0.0,0.2511464285097415,0.6263020833333334
KURANJI,0.0,urban_and_receiver,8,8,2.0,0.16882671249214787,0.49609375
KURANJI,0.0,urban_and_receiver,8,24,0.0,0.09725721915318253,0.3268229166666667
KURANJI,0.0,urban_and_receiver,8,24,2.0,0.08505224567425211,0.3033854166666667
KURANJI,0.0,urban_and_receiver,24,2,0.0,0.3246843922665372,0.7369791666666666
KURANJI,0.0,urban_and_receiver,24,2,2.0,0.13527775636355496,0.46484375
KURANJI,0.0,urban_and_receiver,24,8,0.0,0.15665976270682977,0.4765625
KURANJI,0.0,urban_and_receiver,24,8,2.0,0.09958003243678364,0.3723958333333333
KURANJI,0.0,urban_and_receiver,24,24,0.0,0.06250014508865938,0.26171875
KURANJI,0.0,urban_and_receiver,24,24,2.0,0.05660977550365456,0.24739583333333334
MANADO,0.0,urban_and_receiver,0,2,0.0,0.5722651244983044,0.9739583333333334
MANADO,0.0,urban_and_receiver,0,2,2.0,0.2653440844591913,0.6666666666666666
MANADO,0.0,urban_and_receiver,0,8,0.0,0.30829900236910074,0.71875
MANADO,0.0,urban_and_receiver,0,8,2.0,0.20236679657689405,0.5950520833333334
MANADO,0.0,urban_and_receiver,0,24,0.0,0.10753397931646093,0.3333333333333333
MANADO,0.0,urban_and_receiver,0,24,2.0,0.0900333123781658,0.3203125
MANADO,0.0,urban_and_receiver,8,2,0.0,0.4882228638954804,0.8984375
MANADO,0.0,urban_and_receiver,8,2,2.0,0.24307682098458083,0.66015625
MANADO,0.0,urban_and_receiver,8,8,0.0,0.2579008557893382,0.6328125
MANADO,0.0,urban_and_receiver,8,8,2.0,0.1814766255565322,0.5377604166666666
MANADO,0.0,urban_and_receiver,8,24,0.0,0.09931283241763202,0.328125
MANADO,0.0,urban_and_receiver,8,24,2.0,0.08608001375609904,0.3125
MANADO,0.0,urban_and_receiver,24,2,0.0,0.42054296687628595,0.8424479166666666
MANADO,0.0,urban_and_receiver,24,2,2.0,0.18241074998717158,0.5768229166666666
MANADO,0.0,urban_and_receiver,24,8,0.0,0.1907890990942774,0.515625
MANADO,0.0,urban_and_receiver,24,8,2.0,0.1309043322822683,0.4427083333333333
MANADO,0.0,urban_and_receiver,24,24,0.0,0.07684690713178918,0.2864583333333333
MANADO,0.0,urban_and_receiver,24,24,2.0,0.06555125075733707,0.265625
MANADO,2.0,urban_and_receiver,0,2,0.0,0.44435497645158567,0.9244791666666666
MANADO,2.0,urban_and_receiver,0,2,2.0,0.22612191057947428,0.640625
MANADO,2.0,urban_and_receiver,0,8,0.0,0.2574251123149663,0.6380208333333334
MANADO,2.0,urban_and_receiver,0,8,2.0,0.181676620131809,0.546875
MANADO,2.0,urban_and_receiver,0,24,0.0,0.10010966779238735,0.328125
MANADO,2.0,urban_and_receiver,0,24,2.0,0.08486736175653307,0.2981770833333333
MANADO,2.0,urban_and_receiver,8,2,0.0,0.40779502623394454,0.8671875
MANADO,2.0,urban_and_receiver,8,2,2.0,0.2195682737167595,0.6315104166666666
MANADO,2.0,urban_and_receiver,8,8,0.0,0.22908971063189879,0.5963541666666666
MANADO,2.0,urban_and_receiver,8,8,2.0,0.1703619779254888,0.515625
MANADO,2.0,urban_and_receiver,8,24,0.0,0.09421982631670826,0.3203125
MANADO,2.0,urban_and_receiver,8,24,2.0,0.0819589887399987,0.3033854166666667
MANADO,2.0,urban_and_receiver,24,2,0.0,0.334178379551717,0.8098958333333334
MANADO,2.0,urban_and_receiver,24,2,2.0,0.17153395920679063,0.55859375
MANADO,2.0,urban_and_receiver,24,8,0.0,0.17610653726297176,0.5078125
MANADO,2.0,urban_and_receiver,24,8,2.0,0.12433086381149945,0.4322916666666667
MANADO,2.0,urban_and_receiver,24,24,0.0,0.0747282527756113,0.2838541666666667
MANADO,2.0,urban_and_receiver,24,24,2.0,0.06300148764990421,0.2630208333333333
MANADO,8.0,urban_and_receiver,0,2,0.0,0.3425161417715706,0.8828125
MANADO,8.0,urban_and_receiver,0,2,2.0,0.14508313514573112,0.5169270833333334
MANADO,8.0,urban_and_receiver,0,8,0.0,0.15875623229172944,0.5091145833333334
MANADO,8.0,urban_and_receiver,0,8,2.0,0.1267374011177869,0.453125
MANADO,8.0,urban_and_receiver,0,24,0.0,0.06439242660880752,0.2747395833333333
MANADO,8.0,urban_and_receiver,0,24,2.0,0.059816655856589206,0.2708333333333333
MANADO,8.0,urban_and_receiver,8,2,0.0,0.32122631093605836,0.8111979166666666
MANADO,8.0,urban_and_receiver,8,2,2.0,0.15979610109319003,0.5559895833333334
MANADO,8.0,urban_and_receiver,8,8,0.0,0.15507553582095177,0.5
MANADO,8.0,urban_and_receiver,8,8,2.0,0.12816461608466098,0.4544270833333333
MANADO,8.0,urban_and_receiver,8,24,0.0,0.06953801445321812,0.2877604166666667
MANADO,8.0,urban_and_receiver,8,24,2.0,0.05499528901503956,0.2552083333333333
MANADO,8.0,urban_and_receiver,24,2,0.0,0.27004944456017316,0.7591145833333334
MANADO,8.0,urban_and_receiver,24,2,2.0,0.14430693484398463,0.5377604166666666
MANADO,8.0,urban_and_receiver,24,8,0.0,0.13756318848049423,0.4609375
MANADO,8.0,urban_and_receiver,24,8,2.0,0.09337927479424546,0.3763020833333333
MANADO,8.0,urban_and_receiver,24,24,0.0,0.05719542895781391,0.2526041666666667
MANADO,8.0,urban_and_receiver,24,24,2.0,0.045915308476130144,0.2265625
