experiment,case,variant,storage_tau,area_weights,role,evaluations,overflow_share,mean_spill_fraction,median_spill_fraction,max_spill_fraction
reference,CDO,report_coarse,0.0,0,urban_and_receiver,13824,0.49877025462962965,0.18390102996549781,0.0,0.94
reference,MANADO,report_coarse,0.0,0,urban_and_receiver,13824,0.5504195601851852,0.22049764545149497,0.0643070651257973,0.9600000000000002
reference,MANADO,report_coarse,2.0,0,urban_and_receiver,13824,0.5258969907407407,0.19119049626944715,0.028227872951129197,0.96
reference,MANADO,report_coarse,8.0,0,urban_and_receiver,13824,0.46585648148148145,0.14080596890600972,0.0,0.96
reference,KURANJI,report_coarse,0.0,0,urban_and_receiver,13824,0.5220630787037037,0.20332183340476107,0.026827301093068398,0.9600000000000004
reference,HUE,report_coarse,0.0,0,urban,13824,0.2764756944444444,0.05462848446063093,0.0,0.9175267466052804
reference,HUE,report_coarse,0.0,0,receiver,13824,0.4720775462962963,0.17180179984175492,0.0,0.94
reference,HUE,report_coarse,2.0,0,urban,13824,0.21925636574074073,0.03368059380431116,0.0,0.7792331206544502
reference,HUE,report_coarse,2.0,0,receiver,13824,0.4318576388888889,0.13604798687801375,0.0,0.8565507612881064
reference,HUE,report_coarse,8.0,0,urban,13824,0.10127314814814815,0.00947136670435302,0.0,0.5009094060074508
reference,HUE,report_coarse,8.0,0,receiver,13824,0.3266059027777778,0.07303408369559337,0.0,0.7540300727983121
reference,KADAMAIAN,report_coarse,0.0,0,urban_and_receiver,13824,0.5490451388888888,0.2199884673255226,0.0629724669108824,0.96
reference,HATYAI,report_coarse,0.0,0,urban,13824,0.5407262731481481,0.21006031270916534,0.05,0.9600000000000004
reference,HATYAI,report_coarse,0.0,0,receiver,13824,0.48466435185185186,0.17949847083571258,0.0,0.9600000000000004
area_sensitivity,KURANJI,report_coarse,0.0,1,urban_and_receiver,6912,0.5436921296296297,0.2121087875142983,0.04999999999999995,0.96
area_sensitivity,HUE,report_coarse,0.0,1,urban,6912,0.2912326388888889,0.05340850661185942,0.0,0.7247991543340381
area_sensitivity,HUE,report_coarse,0.0,1,receiver,6912,0.45703125,0.16394603585754852,0.0,0.94
area_sensitivity,KADAMAIAN,report_coarse,0.0,1,urban_and_receiver,6912,0.5379050925925926,0.21164438273394062,0.043765730125160746,0.96
CDO_rewiring,CDO,binary_00,0.0,0,urban_and_receiver,13824,0.4984085648148148,0.18324183868647068,0.0,0.96
CDO_rewiring,CDO,binary_01,0.0,0,urban_and_receiver,13824,0.4965277777777778,0.18173315906339993,0.0,0.9600000000000002
CDO_rewiring,CDO,binary_02,0.0,0,urban_and_receiver,13824,0.4974681712962963,0.18326409204961827,0.0,0.96
CDO_rewiring,CDO,binary_03,0.0,0,urban_and_receiver,13824,0.5254629629629629,0.20443683550616343,0.03275487759426395,0.9600000000000002
CDO_rewiring,CDO,binary_04,0.0,0,urban_and_receiver,13824,0.5271990740740741,0.20540550869119786,0.0333333333333332,0.9600000000000002
CDO_rewiring,CDO,binary_05,0.0,0,urban_and_receiver,13824,0.49363425925925924,0.181285857766453,0.0,0.96
CDO_rewiring,CDO,binary_06,0.0,0,urban_and_receiver,13824,0.49464699074074076,0.1809220051616981,0.0,0.9400000000000002
CDO_rewiring,CDO,binary_07,0.0,0,urban_and_receiver,13824,0.49486400462962965,0.18179253399952403,0.0,0.96
CDO_rewiring,CDO,binary_08,0.0,0,urban_and_receiver,13824,0.5256799768518519,0.2047216627008446,0.031122158831878348,0.9600000000000002
CDO_rewiring,CDO,binary_09,0.0,0,urban_and_receiver,13824,0.4986979166666667,0.18333302831908588,0.0,0.94
CDO_rewiring,CDO,binary_10,0.0,0,urban_and_receiver,13824,0.49623842592592593,0.18196755259019917,0.0,0.96
CDO_rewiring,CDO,binary_11,0.0,0,urban_and_receiver,13824,0.4955150462962963,0.18297431927190325,0.0,0.96
CDO_rewiring,CDO,binary_12,0.0,0,urban_and_receiver,13824,0.49877025462962965,0.18390102996549781,0.0,0.94
CDO_rewiring,CDO,binary_13,0.0,0,urban_and_receiver,13824,0.498046875,0.18295723464664335,0.0,0.9400000000000002
CDO_rewiring,CDO,binary_14,0.0,0,urban_and_receiver,13824,0.4976128472222222,0.18255043988538627,0.0,0.9400000000000002
Kadamaian_rewiring,KADAMAIAN,binary_00,0.0,0,urban_and_receiver,13824,0.5489004629629629,0.2181250159110636,0.0583333333333332,0.96
Kadamaian_rewiring,KADAMAIAN,binary_01,0.0,0,urban_and_receiver,13824,0.5489728009259259,0.2194401376263041,0.062172835128378054,0.9600000000000002
Kadamaian_rewiring,KADAMAIAN,binary_02,0.0,0,urban_and_receiver,13824,0.5490451388888888,0.2199884673255226,0.0629724669108824,0.96
Hue_position,HUE,Bo_before_Hue_counterfactual,0.0,0,urban,13824,0.41746238425925924,0.12008726834269139,0.0,0.96
Hue_position,HUE,Bo_before_Hue_counterfactual,0.0,0,receiver,13824,0.4715711805555556,0.17367282646106552,0.0,0.96
Hue_position,HUE,residual_at_Hue_uncertainty,0.0,0,urban,13824,0.4109519675925926,0.11386910912029224,0.0,0.9400000000000004
Hue_position,HUE,residual_at_Hue_uncertainty,0.0,0,receiver,13824,0.4756944444444444,0.1741443381012635,0.0,0.9400000000000004
Kuranji_order_uncertainty,KURANJI,refinement_000,0.0,0,urban_and_receiver,864,0.5185185185185185,0.20045758595727023,0.02495133038230025,0.9
Kuranji_order_uncertainty,KURANJI,refinement_001,0.0,0,urban_and_receiver,864,0.5208333333333334,0.2041258003729056,0.0375,0.9
Kuranji_order_uncertainty,KURANJI,refinement_002,0.0,0,urban_and_receiver,864,0.5150462962962963,0.2004637517712916,0.0253704604850169,0.9
Kuranji_order_uncertainty,KURANJI,refinement_003,0.0,0,urban_and_receiver,864,0.5497685185185185,0.21757491947862112,0.0698184885953519,0.92
Kuranji_order_uncertainty,KURANJI,refinement_004,0.0,0,urban_and_receiver,864,0.5520833333333334,0.21793365103097373,0.06981848859535195,0.92
Kuranji_order_uncertainty,KURANJI,refinement_005,0.0,0,urban_and_receiver,864,0.5196759259259259,0.19904779503860043,0.025,0.9
Kuranji_order_uncertainty,KURANJI,refinement_006,0.0,0,urban_and_receiver,864,0.5173611111111112,0.2001776800679106,0.025,0.9
Kuranji_order_uncertainty,KURANJI,refinement_007,0.0,0,urban_and_receiver,864,0.5185185185185185,0.19985113314737699,0.02642377563025555,0.9
Kuranji_order_uncertainty,KURANJI,refinement_008,0.0,0,urban_and_receiver,864,0.5567129629629629,0.22008916158396352,0.0772379844696586,0.92
Kuranji_order_uncertainty,KURANJI,refinement_009,0.0,0,urban_and_receiver,864,0.5243055555555556,0.20036871842209736,0.031796906845400603,0.9
Kuranji_order_uncertainty,KURANJI,refinement_010,0.0,0,urban_and_receiver,864,0.5057870370370371,0.19605096487082962,0.009112988927522901,0.9
Kuranji_order_uncertainty,KURANJI,refinement_011,0.0,0,urban_and_receiver,864,0.5150462962962963,0.1979886570310788,0.021010791566756302,0.9
Kuranji_order_uncertainty,KURANJI,refinement_012,0.0,0,urban_and_receiver,864,0.5266203703703703,0.20233252697571677,0.03545660888194935,0.92
Kuranji_order_uncertainty,KURANJI,refinement_013,0.0,0,urban_and_receiver,864,0.5231481481481481,0.20224088921929192,0.03105009727487075,0.92
Kuranji_order_uncertainty,KURANJI,refinement_014,0.0,0,urban_and_receiver,864,0.5162037037037037,0.2001149648077511,0.02811604956305845,0.9000000000000001
Kuranji_order_uncertainty,KURANJI,refinement_015,0.0,0,urban_and_receiver,864,0.5578703703703703,0.22862980578864123,0.09435802553483169,0.94
Kuranji_order_uncertainty,KURANJI,refinement_016,0.0,0,urban_and_receiver,864,0.5497685185185185,0.2268212116316691,0.09525039588799769,0.94
Kuranji_order_uncertainty,KURANJI,refinement_017,0.0,0,urban_and_receiver,864,0.5451388888888888,0.2241975039990367,0.0697842363732378,0.94
Kuranji_order_uncertainty,KURANJI,refinement_018,0.0,0,urban_and_receiver,864,0.5636574074074074,0.2302869086152951,0.1,0.94
Kuranji_order_uncertainty,KURANJI,refinement_019,0.0,0,urban_and_receiver,864,0.5532407407407407,0.2265961650561733,0.075,0.94
Kuranji_order_uncertainty,KURANJI,refinement_020,0.0,0,urban_and_receiver,864,0.5555555555555556,0.22629137681420056,0.0922916666666665,0.94
Kuranji_order_uncertainty,KURANJI,refinement_021,0.0,0,urban_and_receiver,864,0.5439814814814815,0.22445108310937986,0.075,0.94
Kuranji_order_uncertainty,KURANJI,refinement_022,0.0,0,urban_and_receiver,864,0.5590277777777778,0.22812542865226001,0.08111158596973,0.94
Kuranji_order_uncertainty,KURANJI,refinement_023,0.0,0,urban_and_receiver,864,0.5393518518518519,0.2221583518406272,0.06792240519608381,0.94
Kuranji_order_uncertainty,KURANJI,refinement_024,0.0,0,urban_and_receiver,864,0.5543981481481481,0.22600990582467068,0.1,0.94
Kuranji_order_uncertainty,KURANJI,refinement_025,0.0,0,urban_and_receiver,864,0.5439814814814815,0.22309225678619196,0.065625,0.94
Kuranji_order_uncertainty,KURANJI,refinement_026,0.0,0,urban_and_receiver,864,0.5509259259259259,0.22490092330123784,0.075,0.94
Kuranji_order_uncertainty,KURANJI,refinement_027,0.0,0,urban_and_receiver,864,0.5509259259259259,0.22896029893670866,0.075,0.94
Kuranji_order_uncertainty,KURANJI,refinement_028,0.0,0,urban_and_receiver,864,0.5555555555555556,0.22679164638348745,0.08024006893798775,0.94
Kuranji_order_uncertainty,KURANJI,refinement_029,0.0,0,urban_and_receiver,864,0.5462962962962963,0.22391279036845987,0.06811424950118025,0.94
Kuranji_order_uncertainty,KURANJI,refinement_030,0.0,0,urban_and_receiver,864,0.5532407407407407,0.2265297613004883,0.0908077606091861,0.94
Kuranji_order_uncertainty,KURANJI,refinement_031,0.0,0,urban_and_receiver,864,0.5428240740740741,0.2228488790939302,0.07243878057457215,0.94
Kuranji_order_uncertainty,KURANJI,refinement_032,0.0,0,urban_and_receiver,864,0.5520833333333334,0.22635911869655861,0.0819740479666375,0.94
Kuranji_order_uncertainty,KURANJI,refinement_033,0.0,0,urban_and_receiver,864,0.5069444444444444,0.19529594035793957,0.012804856213216202,0.9
Kuranji_order_uncertainty,KURANJI,refinement_034,0.0,0,urban_and_receiver,864,0.5092592592592593,0.19894366139963982,0.0125,0.92
Kuranji_order_uncertainty,KURANJI,refinement_035,0.0,0,urban_and_receiver,864,0.5046296296296297,0.1954692808114183,0.0092488800364683,0.9
Kuranji_order_uncertainty,KURANJI,refinement_036,0.0,0,urban_and_receiver,864,0.5497685185185185,0.21702254324427445,0.05769174374356275,0.92
Kuranji_order_uncertainty,KURANJI,refinement_037,0.0,0,urban_and_receiver,864,0.5474537037037037,0.21505271016320418,0.05305555555555545,0.92
Kuranji_order_uncertainty,KURANJI,refinement_038,0.0,0,urban_and_receiver,864,0.5104166666666666,0.1951755363234467,0.012083333333333252,0.9
Kuranji_order_uncertainty,KURANJI,refinement_039,0.0,0,urban_and_receiver,864,0.5046296296296297,0.19768539545836136,0.006765417941238,0.9
Kuranji_order_uncertainty,KURANJI,refinement_040,0.0,0,urban_and_receiver,864,0.5046296296296297,0.19307247122706522,0.005028398906797,0.9
Kuranji_order_uncertainty,KURANJI,refinement_041,0.0,0,urban_and_receiver,864,0.5462962962962963,0.2150383463308817,0.05505056076501505,0.92
Kuranji_order_uncertainty,KURANJI,refinement_042,0.0,0,urban_and_receiver,864,0.5162037037037037,0.20058063789700928,0.02397176599620525,0.9
Kuranji_order_uncertainty,KURANJI,refinement_043,0.0,0,urban_and_receiver,864,0.5196759259259259,0.20062416686588802,0.0270371271516834,0.9
Kuranji_order_uncertainty,KURANJI,refinement_044,0.0,0,urban_and_receiver,864,0.5150462962962963,0.19564705538023647,0.0104599406991527,0.9
Kuranji_order_uncertainty,KURANJI,refinement_045,0.0,0,urban_and_receiver,864,0.5034722222222222,0.1948481274708038,0.0072230558777961005,0.9
Kuranji_order_uncertainty,KURANJI,refinement_046,0.0,0,urban_and_receiver,864,0.49537037037037035,0.193893090720258,0.0,0.92
Kuranji_order_uncertainty,KURANJI,refinement_047,0.0,0,urban_and_receiver,864,0.5023148148148148,0.1937204661474513,0.00118647206666405,0.92
Kuranji_order_uncertainty,KURANJI,refinement_048,0.0,0,urban_and_receiver,864,0.5462962962962963,0.2235670144675651,0.0769813752178252,0.94
Kuranji_order_uncertainty,KURANJI,refinement_049,0.0,0,urban_and_receiver,864,0.5347222222222222,0.22105160261677803,0.0583512924497262,0.94
Kuranji_order_uncertainty,KURANJI,refinement_050,0.0,0,urban_and_receiver,864,0.5497685185185185,0.22696664524650995,0.075,0.94
Kuranji_order_uncertainty,KURANJI,refinement_051,0.0,0,urban_and_receiver,864,0.5520833333333334,0.22513112089398446,0.075,0.94
Kuranji_order_uncertainty,KURANJI,refinement_052,0.0,0,urban_and_receiver,864,0.5543981481481481,0.22755306813408158,0.07993235606901031,0.94
Kuranji_order_uncertainty,KURANJI,refinement_053,0.0,0,urban_and_receiver,864,0.5543981481481481,0.22640170144945074,0.0825678828095925,0.94
Kuranji_order_uncertainty,KURANJI,refinement_054,0.0,0,urban_and_receiver,864,0.5474537037037037,0.22382127235682445,0.07249999999999984,0.94
Kuranji_order_uncertainty,KURANJI,refinement_055,0.0,0,urban_and_receiver,864,0.5428240740740741,0.2218789563983091,0.06937499999999985,0.94
Kuranji_order_uncertainty,KURANJI,refinement_056,0.0,0,urban_and_receiver,864,0.5543981481481481,0.2272039956332405,0.0831234383651481,0.94
Kuranji_order_uncertainty,KURANJI,refinement_057,0.0,0,urban_and_receiver,864,0.5185185185185185,0.19728143536306839,0.025,0.9
Kuranji_order_uncertainty,KURANJI,refinement_058,0.0,0,urban_and_receiver,864,0.5057870370370371,0.19514298004793315,0.00620226644014475,0.9
Kuranji_order_uncertainty,KURANJI,refinement_059,0.0,0,urban_and_receiver,864,0.5127314814814815,0.19613959007273357,0.022828949812793348,0.9
Kuranji_order_uncertainty,KURANJI,refinement_060,0.0,0,urban_and_receiver,864,0.5509259259259259,0.21690904124848526,0.075,0.92
Kuranji_order_uncertainty,KURANJI,refinement_061,0.0,0,urban_and_receiver,864,0.5520833333333334,0.2168921169914653,0.075,0.92
Kuranji_order_uncertainty,KURANJI,refinement_062,0.0,0,urban_and_receiver,864,0.5092592592592593,0.19473630914774123,0.01361126106315175,0.9
Kuranji_order_uncertainty,KURANJI,refinement_063,0.0,0,urban_and_receiver,864,0.5196759259259259,0.20049438504729403,0.025,0.9
Kuranji_order_uncertainty,KURANJI,refinement_064,0.0,0,urban_and_receiver,864,0.5069444444444444,0.19421305669747688,0.0051380341436022,0.9
Kuranji_order_uncertainty,KURANJI,refinement_065,0.0,0,urban_and_receiver,864,0.5497685185185185,0.21720022271059194,0.0759524180458317,0.92
Kuranji_order_uncertainty,KURANJI,refinement_066,0.0,0,urban_and_receiver,864,0.5254629629629629,0.20036540054270832,0.03080157545081615,0.9
Kuranji_order_uncertainty,KURANJI,refinement_067,0.0,0,urban_and_receiver,864,0.5243055555555556,0.20223906325496746,0.0253704604850169,0.9200000000000002
Kuranji_order_uncertainty,KURANJI,refinement_068,0.0,0,urban_and_receiver,864,0.5243055555555556,0.1999604838972388,0.0253704604850169,0.9000000000000002
Kuranji_order_uncertainty,KURANJI,refinement_069,0.0,0,urban_and_receiver,864,0.5138888888888888,0.19833300605641643,0.01878890763787825,0.9
Kuranji_order_uncertainty,KURANJI,refinement_070,0.0,0,urban_and_receiver,864,0.5127314814814815,0.20094248364060702,0.01928736168136325,0.9200000000000002
Kuranji_order_uncertainty,KURANJI,refinement_071,0.0,0,urban_and_receiver,864,0.5219907407407407,0.20091151453093414,0.02506042096158445,0.9000000000000002
Kuranji_order_uncertainty,KURANJI,refinement_072,0.0,0,urban_and_receiver,864,0.5578703703703703,0.22695638479189503,0.08714649507846076,0.94
Kuranji_order_uncertainty,KURANJI,refinement_073,0.0,0,urban_and_receiver,864,0.5520833333333334,0.22650482447428766,0.075,0.94
Kuranji_order_uncertainty,KURANJI,refinement_074,0.0,0,urban_and_receiver,864,0.5543981481481481,0.22452644456179147,0.075,0.94
Kuranji_order_uncertainty,KURANJI,refinement_075,0.0,0,urban_and_receiver,864,0.5243055555555556,0.20297233052789324,0.0361138304110753,0.92
Kuranji_order_uncertainty,KURANJI,refinement_076,0.0,0,urban_and_receiver,864,0.5162037037037037,0.20315506326402108,0.031612594053089596,0.92
Kuranji_order_uncertainty,KURANJI,refinement_077,0.0,0,urban_and_receiver,864,0.5208333333333334,0.20210622621388327,0.03294321790460005,0.9000000000000001
Kuranji_order_uncertainty,KURANJI,refinement_078,0.0,0,urban_and_receiver,864,0.5532407407407407,0.21987720315394607,0.07697541243196546,0.92
Kuranji_order_uncertainty,KURANJI,refinement_079,0.0,0,urban_and_receiver,864,0.5462962962962963,0.21907284177930822,0.08164949187062415,0.92
Kuranji_order_uncertainty,KURANJI,refinement_080,0.0,0,urban_and_receiver,864,0.5208333333333334,0.20359994577699883,0.028495460485016902,0.9
Kuranji_order_uncertainty,KURANJI,refinement_081,0.0,0,urban_and_receiver,864,0.5243055555555556,0.20223587334609958,0.031575217505854,0.9
Kuranji_order_uncertainty,KURANJI,refinement_082,0.0,0,urban_and_receiver,864,0.5173611111111112,0.19930762909247463,0.0253704604850169,0.9
Kuranji_order_uncertainty,KURANJI,refinement_083,0.0,0,urban_and_receiver,864,0.5520833333333334,0.21932309970282418,0.08556509801665735,0.92
Kuranji_order_uncertainty,KURANJI,refinement_084,0.0,0,urban_and_receiver,864,0.5300925925925926,0.2011381754549186,0.032932195907797154,0.9
Kuranji_order_uncertainty,KURANJI,refinement_085,0.0,0,urban_and_receiver,864,0.5196759259259259,0.20005950903237998,0.0233352247224318,0.9
Kuranji_order_uncertainty,KURANJI,refinement_086,0.0,0,urban_and_receiver,864,0.53125,0.19984688901346248,0.02645652631718945,0.9
Kuranji_order_uncertainty,KURANJI,refinement_087,0.0,0,urban_and_receiver,864,0.5219907407407407,0.20226595139463896,0.0344886253821133,0.9
Kuranji_order_uncertainty,KURANJI,refinement_088,0.0,0,urban_and_receiver,864,0.5173611111111112,0.202838280855771,0.029713421690287498,0.92
Kuranji_order_uncertainty,KURANJI,refinement_089,0.0,0,urban_and_receiver,864,0.5185185185185185,0.1977598893513194,0.02321236000669025,0.9
Kuranji_order_uncertainty,KURANJI,refinement_090,0.0,0,urban_and_receiver,864,0.5185185185185185,0.20131398059324215,0.0243797876979054,0.9
Kuranji_order_uncertainty,KURANJI,refinement_091,0.0,0,urban_and_receiver,864,0.5150462962962963,0.20387086854304823,0.030216909445787202,0.9
Kuranji_order_uncertainty,KURANJI,refinement_092,0.0,0,urban_and_receiver,864,0.5208333333333334,0.20264676301312712,0.025,0.9
Kuranji_order_uncertainty,KURANJI,refinement_093,0.0,0,urban_and_receiver,864,0.5439814814814815,0.2146228214217125,0.0586441504567845,0.92
Kuranji_order_uncertainty,KURANJI,refinement_094,0.0,0,urban_and_receiver,864,0.5381944444444444,0.2144157512453482,0.0555075141545806,0.92
Kuranji_order_uncertainty,KURANJI,refinement_095,0.0,0,urban_and_receiver,864,0.5185185185185185,0.2007603548770131,0.0305568457744133,0.9
Kuranji_order_uncertainty,KURANJI,refinement_096,0.0,0,urban_and_receiver,864,0.5092592592592593,0.1984382609011515,0.0183878708822217,0.9
Kuranji_order_uncertainty,KURANJI,refinement_097,0.0,0,urban_and_receiver,864,0.5138888888888888,0.2004532969359016,0.026169545346143,0.9
Kuranji_order_uncertainty,KURANJI,refinement_098,0.0,0,urban_and_receiver,864,0.5405092592592593,0.21519940834693,0.0676456668817692,0.92
Kuranji_order_uncertainty,KURANJI,refinement_099,0.0,0,urban_and_receiver,864,0.5127314814814815,0.19795094762561113,0.01087385381285255,0.9
Kuranji_order_uncertainty,KURANJI,refinement_100,0.0,0,urban_and_receiver,864,0.5081018518518519,0.19580318139588734,0.0091578378139396,0.9
Kuranji_order_uncertainty,KURANJI,refinement_101,0.0,0,urban_and_receiver,864,0.5150462962962963,0.19782290265517308,0.01195981106850445,0.9
Kuranji_order_uncertainty,KURANJI,refinement_102,0.0,0,urban_and_receiver,864,0.5150462962962963,0.2008973375644777,0.0262883865276995,0.9
Kuranji_order_uncertainty,KURANJI,refinement_103,0.0,0,urban_and_receiver,864,0.5115740740740741,0.2003851802115372,0.025,0.9
Kuranji_order_uncertainty,KURANJI,refinement_104,0.0,0,urban_and_receiver,864,0.5104166666666666,0.1956419015965276,0.010339413172294549,0.9
